ISO,Country,Data source,Sector,Gas,Unit,2021,2020,2019,2018,2017,2016,2015,2014,2013,2012,2011,2010,2009,2008,2007,2006,2005,2004,2003,2002,2001,2000,1999,1998,1997,1996,1995,1994,1993,1992,1991,1990
WORLD,World,Climate Watch,Manufacturing/Construction,All GHG,MtCO₂e,6384.05,6236.2,6292.21,6256.02,6121.03,6192.91,6335.91,6472.36,6408.07,6380.23,6359.86,6131.81,5584.53,5595.9,5480.35,5205.72,4961.81,4541.82,4106.71,3919.28,3924.74,3902.09,3726.37,3882.77,3882.29,3856.74,3966.4,3738.82,3721.29,3771.5,3904.72,3981.72
WORLD,World,Climate Watch,Industrial Processes,All GHG,MtCO₂e,3260.35,3132.69,3070.7,2955.2,2863.31,2797.55,2699.83,2702.9,2588.77,2474.16,2390.39,2237.26,2099.3,2051.56,2006.9,1878.44,1746.61,1650.03,1568.35,1474.4,1422.09,1396.22,1336.92,1327.81,1323.34,1273.84,1222.18,1149.02,1040.48,1023.75,1008.33,1003.53
CHN,China,Climate Watch,Manufacturing/Construction,All GHG,MtCO₂e,2843.22,2863.83,2806.36,2802.77,2709.48,2874.15,3011.93,3111.27,3084.77,3059.17,3021.66,2860.19,2616.19,2423.8,2287.54,2095.76,1947.5,1506.94,1142.84,1002.49,964.39,909.38,877.04,1030.46,967.26,975.05,1077.01,909.46,867.33,813.27,784.09,750.24
CHN,China,Climate Watch,Industrial Processes,All GHG,MtCO₂e,1273.86,1252.49,1213.39,1150.09,1128.59,1106.88,1075.58,1104.13,1058.98,1002.33,975.36,885.58,808.64,730.0,698.16,632.32,552.88,492.82,461.25,373.39,344.63,301.37,277.78,253.39,237.4,219.9,204.11,180.08,157.02,135.16,112.6,94.35
IND,India,Climate Watch,Manufacturing/Construction,All GHG,MtCO₂e,568.16,509.16,556.86,572.66,562.6,530.64,509.5,506.42,474.58,436.67,448.03,402.81,359.88,312.61,299.49,264.23,236.27,211.69,201.65,210.9,197.16,195.1,190.57,185.33,175.81,159.45,159.05,166.74,156.74,158.77,155.29,151.06
USA,United States,Climate Watch,Manufacturing/Construction,All GHG,MtCO₂e,449.19,440.81,442.6,457.69,432.7,442.31,437.19,440.62,438.24,441.92,439.1,469.9,410.85,478.52,489.98,500.01,481.14,515.45,488.96,494.17,543.77,571.3,503.35,515.15,509.03,488.03,488.95,536.95,534.52,520.0,569.29,606.9
EUU,European Union (27),Climate Watch,Manufacturing/Construction,All GHG,MtCO₂e,382.49,352.51,365.35,377.49,371.43,370.94,366.41,368.59,379.5,386.48,401.57,402.27,374.26,450.44,469.41,468.52,484.92,495.47,511.1,501.24,515.43,523.49,510.26,534.83,561.75,562.36,564.97,549.62,533.4,552.9,609.05,671.84
RUS,Russia,Climate Watch,Manufacturing/Construction,All GHG,MtCO₂e,287.74,273.4,281.55,251.42,262.89,260.58,250.73,247.72,224.46,226.93,184.24,178.65,166.45,172.62,171.22,152.86,155.12,153.5,152.04,159.92,158.17,165.88,142.77,134.15,149.56,162.34,185.12,143.53,175.18,200.69,216.59,251.95
USA,United States,Climate Watch,Industrial Processes,All GHG,MtCO₂e,250.3,243.52,238.67,231.67,227.96,222.02,221.22,219.36,209.35,210.15,217.0,204.59,190.55,208.91,221.72,208.39,204.42,199.03,191.49,202.07,192.09,208.7,206.14,209.71,198.51,197.28,187.54,165.51,160.57,157.31,154.31,164.71
JPN,Japan,Climate Watch,Manufacturing/Construction,All GHG,MtCO₂e,182.44,172.72,187.8,195.18,196.06,195.5,202.15,209.93,216.34,215.6,219.38,212.79,200.87,212.78,232.9,236.01,235.34,233.41,234.35,237.54,235.23,240.64,236.07,232.91,255.97,263.08,263.69,258.65,256.04,257.55,262.09,263.57
IND,India,Climate Watch,Industrial Processes,All GHG,MtCO₂e,178.61,149.37,168.55,162.24,142.62,143.31,135.89,133.32,124.45,115.99,106.23,100.08,94.85,86.35,80.97,77.08,71.39,67.2,62.51,60.7,58.29,57.48,55.06,48.46,45.8,41.42,37.39,34.29,31.9,30.06,29.0,26.45
EUU,European Union (27),Climate Watch,Industrial Processes,All GHG,MtCO₂e,147.23,150.61,160.55,167.38,172.86,177.5,177.42,182.79,177.33,180.58,184.19,185.92,193.84,220.7,234.5,224.22,223.15,220.25,212.32,208.25,208.85,213.12,209.91,219.15,235.44,234.05,228.43,220.55,208.1,210.52,203.59,216.9
IDN,Indonesia,Climate Watch,Manufacturing/Construction,All GHG,MtCO₂e,132.1,132.43,148.33,113.12,92.53,86.86,102.23,90.33,80.15,120.47,137.4,127.32,101.21,92.5,112.29,105.65,82.17,81.15,75.61,59.84,63.1,58.88,62.17,48.5,51.77,47.73,47.58,38.64,32.96,29.89,28.38,28.51
SAU,Saudi Arabia,Climate Watch,Industrial Processes,All GHG,MtCO₂e,121.9,114.02,105.76,99.01,90.61,88.21,81.73,76.59,69.64,61.47,53.11,46.45,43.21,38.97,32.35,28.13,24.84,24.36,23.52,22.45,20.51,18.64,16.33,14.62,12.98,12.02,10.25,9.48,9.24,8.86,6.56,6.47
IRN,Iran,Climate Watch,Manufacturing/Construction,All GHG,MtCO₂e,121.64,118.65,110.51,94.21,96.63,91.99,88.56,93.19,87.44,87.55,84.77,84.4,78.65,79.71,74.91,61.66,58.13,51.92,49.1,45.07,43.83,43.55,42.89,38.4,42.74,37.38,43.46,41.62,36.61,44.99,46.01,37.45
THA,Thailand,Climate Watch,Industrial Processes,All GHG,MtCO₂e,97.77,93.56,85.7,77.63,69.32,61.75,50.48,46.68,42.36,38.69,34.65,31.42,30.43,30.0,31.38,29.42,27.24,24.93,23.83,25.75,23.14,20.64,20.6,16.98,22.22,19.41,16.58,14.39,12.89,8.88,6.45,6.74
VNM,Vietnam,Climate Watch,Manufacturing/Construction,All GHG,MtCO₂e,96.97,96.48,74.8,60.79,38.45,36.67,33.77,51.71,46.52,43.24,43.82,42.04,39.41,35.8,27.26,24.54,24.44,23.17,19.99,18.7,16.8,14.78,14.09,14.04,13.51,11.3,10.74,7.66,7.5,7.05,6.52,5.92
DEU,Germany,Climate Watch,Manufacturing/Construction,All GHG,MtCO₂e,93.15,93.85,93.92,98.83,95.64,93.72,95.6,91.72,94.28,94.72,97.67,98.82,87.28,100.28,96.48,97.06,95.15,97.44,98.93,96.08,96.68,102.99,101.95,106.28,108.5,110.83,116.97,118.28,117.9,125.19,134.08,156.78
BRA,Brazil,Climate Watch,Manufacturing/Construction,All GHG,MtCO₂e,92.28,82.53,88.36,91.93,95.12,88.98,98.49,102.38,105.38,106.76,110.58,101.89,87.18,97.26,97.17,87.93,87.52,88.84,85.95,86.69,83.72,85.81,78.28,73.47,71.37,67.44,61.8,57.89,55.84,53.51,52.69,49.41
KOR,South Korea,Climate Watch,Industrial Processes,All GHG,MtCO₂e,87.16,81.51,80.63,77.46,76.17,73.55,69.72,68.18,66.41,64.89,63.42,61.89,59.26,58.9,57.23,60.02,58.14,61.2,58.66,52.81,50.02,47.51,43.54,39.75,43.83,39.19,36.24,33.72,30.56,26.21,21.26,17.16
SAU,Saudi Arabia,Climate Watch,Manufacturing/Construction,All GHG,MtCO₂e,85.85,87.11,94.47,95.2,97.58,105.39,119.03,116.2,100.41,99.93,110.37,111.09,91.23,89.01,79.89,72.64,67.0,65.98,62.43,60.19,52.4,53.02,52.47,49.15,42.01,46.16,40.1,37.75,31.48,32.31,28.24,28.24
TUR,Türkiye,Climate Watch,Manufacturing/Construction,All GHG,MtCO₂e,81.74,73.62,67.39,73.02,69.05,51.27,50.81,48.17,46.67,54.32,52.31,48.91,41.82,37.72,63.27,63.42,55.23,58.91,60.25,53.35,42.62,58.32,41.56,47.24,45.74,42.28,33.84,30.47,33.31,33.31,34.74,32.91
VNM,Vietnam,Climate Watch,Industrial Processes,All GHG,MtCO₂e,71.47,68.87,64.36,56.48,48.59,41.69,38.18,36.19,33.43,30.84,30.56,25.72,21.0,16.93,15.44,13.45,12.98,11.23,10.22,9.05,7.28,6.26,5.0,4.61,3.79,3.1,2.69,2.19,1.95,1.86,1.4,1.16
ARE,United Arab Emirates,Climate Watch,Manufacturing/Construction,All GHG,MtCO₂e,70.74,73.4,68.29,53.54,70.28,83.65,81.18,72.51,76.05,72.14,66.38,63.23,60.02,51.93,42.51,34.14,34.99,33.94,35.98,37.86,41.65,33.72,38.7,39.41,39.96,37.76,36.11,34.0,29.63,29.62,33.39,26.68
CAN,Canada,Climate Watch,Manufacturing/Construction,All GHG,MtCO₂e,68.53,64.19,71.63,71.4,71.51,70.23,65.62,65.11,65.83,67.7,66.65,62.41,58.1,65.63,68.21,67.48,70.04,84.36,82.17,78.79,77.45,83.51,79.95,79.18,81.74,81.8,78.3,77.13,73.87,73.99,74.93,76.97
KOR,South Korea,Climate Watch,Manufacturing/Construction,All GHG,MtCO₂e,65.57,64.39,65.88,72.58,72.55,73.47,76.75,72.68,77.45,76.73,80.55,78.86,69.61,78.0,73.8,79.47,74.42,81.06,83.46,86.38,96.96,96.25,85.56,77.96,86.84,87.77,83.13,79.5,71.27,63.27,61.39,51.65
PAK,Pakistan,Climate Watch,Manufacturing/Construction,All GHG,MtCO₂e,64.47,60.82,45.93,53.67,53.17,46.99,41.86,38.36,33.71,35.79,38.2,38.55,40.21,39.74,44.94,40.61,37.33,34.95,29.96,25.07,22.65,22.44,22.89,22.34,21.57,21.74,22.29,20.72,20.78,19.04,16.27,16.89
JPN,Japan,Climate Watch,Industrial Processes,All GHG,MtCO₂e,61.76,61.79,65.25,68.72,71.59,73.75,70.38,67.62,63.76,59.8,56.1,53.32,52.02,55.27,56.19,56.95,54.71,54.94,58.83,59.63,65.28,75.16,75.25,84.17,91.26,93.17,90.66,84.71,79.83,79.54,76.99,73.3
CMR,Cameroon,Climate Watch,Industrial Processes,All GHG,MtCO₂e,60.88,60.28,59.79,59.58,59.24,58.92,58.44,58.09,57.94,57.68,57.44,57.19,57.14,57.01,56.98,56.83,56.75,56.76,56.72,56.72,56.73,56.7,56.63,56.54,56.44,56.27,56.32,56.32,0.67,0.69,0.68,0.74
RUS,Russia,Climate Watch,Industrial Processes,All GHG,MtCO₂e,56.87,53.74,53.91,54.14,55.0,55.36,56.35,61.08,59.2,53.84,46.03,45.72,41.4,51.31,54.91,53.37,53.69,50.96,44.74,48.67,54.55,55.84,49.3,47.26,44.5,42.45,49.71,49.89,59.25,75.03,56.62,57.34
TUR,Türkiye,Climate Watch,Industrial Processes,All GHG,MtCO₂e,54.98,51.14,42.05,48.48,47.91,45.34,42.82,43.15,41.8,39.1,38.38,36.33,31.83,29.21,27.21,25.35,22.45,20.25,18.75,18.05,17.32,17.42,16.84,17.58,17.34,16.81,16.24,15.37,14.94,15.52,14.33,12.76
THA,Thailand,Climate Watch,Manufacturing/Construction,All GHG,MtCO₂e,54.71,54.77,54.63,49.15,54.04,52.81,58.23,51.27,51.43,49.61,44.92,50.8,45.5,46.31,41.89,49.12,46.33,43.86,38.73,38.32,34.11,31.31,31.87,28.58,33.4,36.46,32.32,28.19,23.88,19.51,16.75,15.05
IRN,Iran,Climate Watch,Industrial Processes,All GHG,MtCO₂e,54.09,54.74,50.17,44.09,42.68,42.33,41.89,44.8,45.72,42.99,40.25,36.6,30.61,27.21,24.54,21.94,20.36,19.91,18.71,18.05,17.57,15.85,14.65,13.55,12.9,12.07,11.76,11.29,10.75,10.13,9.97,9.58
ZAF,South Africa,Climate Watch,Manufacturing/Construction,All GHG,MtCO₂e,49.42,48.61,52.29,54.64,46.44,49.39,49.61,53.75,52.0,45.92,44.85,51.84,61.58,44.23,43.09,49.53,53.41,49.49,42.48,40.18,36.85,40.92,41.19,47.98,45.43,41.7,37.51,36.68,35.72,43.25,49.2,54.53
FRA,France,Climate Watch,Manufacturing/Construction,All GHG,MtCO₂e,46.39,36.1,38.65,40.58,41.61,46.55,44.86,46.49,49.12,47.98,50.5,45.34,41.47,52.77,54.28,55.08,55.4,53.35,56.89,57.42,59.62,55.72,56.9,58.77,61.93,62.94,59.68,57.49,57.78,61.7,61.32,60.88
MEX,Mexico,Climate Watch,Industrial Processes,All GHG,MtCO₂e,43.34,42.06,41.36,40.56,40.07,39.28,37.94,36.44,35.01,34.87,34.17,32.36,32.12,32.13,31.33,28.45,25.0,22.93,21.14,20.65,19.35,19.99,19.73,18.35,17.79,16.85,13.6,15.83,14.55,13.56,13.37,12.96
MEX,Mexico,Climate Watch,Manufacturing/Construction,All GHG,MtCO₂e,43.19,51.07,56.15,51.0,68.67,62.15,66.28,59.26,66.05,61.74,68.23,62.43,52.32,64.64,62.4,66.48,58.99,56.54,52.62,51.67,48.08,53.14,52.08,56.62,55.21,55.1,49.53,51.11,50.25,51.96,52.28,53.55
ITA,Italy,Climate Watch,Manufacturing/Construction,All GHG,MtCO₂e,41.49,29.6,31.28,32.34,32.03,34.77,34.97,35.24,38.22,43.47,45.19,45.94,43.36,57.14,60.72,61.94,66.66,68.48,76.68,70.15,71.07,73.55,72.1,68.9,69.16,67.06,68.7,67.71,65.99,67.98,70.14,74.23
AUS,Australia,Climate Watch,Manufacturing/Construction,All GHG,MtCO₂e,40.52,39.3,39.68,39.8,38.1,38.58,38.04,41.36,41.37,41.34,39.86,37.3,41.47,45.07,43.55,42.92,44.06,45.54,44.52,38.23,47.59,48.32,47.8,47.93,47.82,46.32,46.48,45.68,43.97,43.04,43.35,43.1
BRA,Brazil,Climate Watch,Industrial Processes,All GHG,MtCO₂e,36.55,34.28,31.53,30.55,29.86,31.64,33.88,35.65,35.33,33.62,31.4,29.79,26.88,26.93,24.71,28.66,26.22,25.68,23.0,24.34,23.41,25.25,26.59,25.31,22.89,22.23,21.59,19.93,20.13,18.56,20.29,18.24
MYS,Malaysia,Climate Watch,Manufacturing/Construction,All GHG,MtCO₂e,35.05,32.26,35.26,35.62,32.59,29.78,28.97,28.71,29.2,32.07,28.62,30.55,29.71,43.35,43.58,38.05,35.26,33.44,29.68,28.53,26.54,25.96,23.15,23.73,23.93,23.91,20.34,18.52,17.91,16.77,15.47,14.09
IDN,Indonesia,Climate Watch,Industrial Processes,All GHG,MtCO₂e,34.34,33.04,36.69,37.14,35.06,34.58,30.21,31.12,30.33,28.79,26.53,24.82,24.58,25.45,24.26,23.52,22.77,23.12,21.7,21.86,22.0,19.82,14.82,13.81,16.73,14.98,14.0,13.26,11.51,10.54,9.88,8.54
UKR,Ukraine,Climate Watch,Manufacturing/Construction,All GHG,MtCO₂e,33.87,35.28,35.47,35.72,31.5,37.75,41.89,55.71,57.08,60.66,65.31,61.47,56.34,75.75,84.1,82.02,75.45,96.57,98.02,88.92,88.32,80.94,81.17,79.15,83.57,87.38,98.38,97.51,133.13,189.14,197.29,195.54
PAK,Pakistan,Climate Watch,Industrial Processes,All GHG,MtCO₂e,33.69,31.74,27.93,26.47,24.04,21.81,18.78,17.61,16.71,15.48,14.45,13.97,14.14,12.63,11.54,9.73,8.25,7.11,6.57,5.68,5.6,5.07,4.8,4.37,4.26,4.08,3.8,3.59,3.66,3.42,3.39,3.26
GBR,United Kingdom,Climate Watch,Manufacturing/Construction,All GHG,MtCO₂e,33.38,31.3,32.89,33.2,33.86,33.37,39.43,40.71,41.08,40.4,40.37,45.15,43.33,52.38,53.58,54.52,55.25,58.31,61.32,61.68,66.14,62.5,62.64,63.73,67.09,68.28,69.44,72.82,71.82,70.83,79.24,77.2
ESP,Spain,Climate Watch,Manufacturing/Construction,All GHG,MtCO₂e,32.18,30.97,33.89,33.79,33.14,31.7,29.57,32.68,35.09,35.71,38.67,39.56,37.58,44.87,48.18,43.89,55.39,54.62,54.21,51.5,51.41,47.4,41.56,44.43,44.7,39.14,42.84,41.97,38.66,40.22,42.85,41.33
EGY,Egypt,Climate Watch,Manufacturing/Construction,All GHG,MtCO₂e,32.01,26.72,32.04,40.27,37.17,31.32,28.67,28.89,31.66,28.25,31.86,31.84,31.61,36.45,39.31,34.35,33.18,23.78,28.72,30.93,32.89,25.36,26.36,24.81,26.8,25.39,23.05,20.57,28.13,25.88,24.25,26.67
EGY,Egypt,Climate Watch,Industrial Processes,All GHG,MtCO₂e,31.4,28.83,30.03,31.02,31.45,32.16,30.65,30.26,30.21,31.47,31.11,32.02,30.54,25.83,25.8,23.34,20.98,19.45,18.59,19.35,18.31,17.66,17.08,15.81,15.0,14.33,13.64,12.89,12.83,13.29,13.0,11.87
ARG,Argentina,Climate Watch,Industrial Processes,All GHG,MtCO₂e,31.13,28.78,28.24,27.29,26.11,24.61,23.97,22.95,22.4,21.22,20.83,19.63,17.3,15.52,13.56,11.37,8.88,7.92,7.08,6.11,6.44,6.31,6.41,5.99,5.46,4.26,4.0,4.35,4.23,4.13,4.0,3.8
NGA,Nigeria,Climate Watch,Industrial Processes,All GHG,MtCO₂e,30.38,28.17,25.69,23.98,21.49,21.33,19.62,18.12,17.03,14.25,11.6,9.75,9.18,8.6,6.01,4.91,4.12,3.82,3.69,3.47,3.45,3.36,2.99,2.71,2.28,1.92,1.58,1.5,1.64,1.67,1.58,1.49
POL,Poland,Climate Watch,Manufacturing/Construction,All GHG,MtCO₂e,30.01,28.82,31.22,31.45,30.94,28.4,27.63,29.02,28.83,29.05,30.17,29.23,27.65,31.71,35.86,33.58,33.68,38.19,37.53,38.36,40.43,45.7,45.65,53.58,64.19,67.96,63.35,48.8,47.75,36.76,39.69,42.88
KAZ,Kazakhstan,Climate Watch,Manufacturing/Construction,All GHG,MtCO₂e,29.58,28.67,27.72,33.05,37.9,38.6,38.72,48.84,70.28,64.08,69.64,57.8,52.99,67.95,39.25,27.51,38.63,33.73,26.28,20.94,27.93,21.34,36.23,43.42,43.84,49.75,59.82,60.81,76.3,89.26,85.99,81.49
PRK,North Korea,Climate Watch,Manufacturing/Construction,All GHG,MtCO₂e,28.42,34.98,36.47,32.11,37.22,12.95,12.8,20.12,17.55,26.44,27.51,39.43,40.72,44.72,40.1,49.04,47.88,45.44,44.42,43.36,45.19,43.24,40.88,37.44,40.37,41.35,48.7,53.25,59.92,65.0,75.55,78.43
ZAF,South Africa,Climate Watch,Industrial Processes,All GHG,MtCO₂e,26.19,24.2,23.65,22.74,21.83,21.11,19.91,19.06,18.71,18.12,17.79,17.86,17.41,16.2,15.38,14.24,13.0,11.8,11.47,10.75,9.72,9.29,9.44,9.65,10.05,10.08,10.16,9.29,8.56,7.94,7.67,7.4
MYS,Malaysia,Climate Watch,Industrial Processes,All GHG,MtCO₂e,23.99,22.75,19.99,19.34,18.46,18.22,17.17,17.51,16.38,15.23,14.43,13.26,13.56,13.47,12.35,12.04,10.94,10.81,10.47,9.6,8.49,8.46,7.12,6.73,6.39,5.74,5.01,4.7,4.09,3.91,3.98,3.81
DEU,Germany,Climate Watch,Industrial Processes,All GHG,MtCO₂e,23.42,23.74,24.45,25.16,26.12,26.15,26.38,26.52,26.07,26.85,27.18,26.27,34.21,34.8,37.38,33.68,33.52,35.95,33.51,32.51,32.17,30.67,31.45,35.75,47.79,49.92,49.02,50.89,47.74,47.86,44.9,46.45
PHL,Philippines,Climate Watch,Industrial Processes,All GHG,MtCO₂e,22.43,20.13,20.67,19.4,17.49,15.08,14.22,12.63,11.65,10.61,8.97,8.37,7.78,7.07,6.84,6.36,7.49,6.6,6.47,6.58,4.57,5.93,6.07,6.11,6.78,5.71,4.8,4.37,3.66,3.09,3.19,2.94
KWT,Kuwait,Climate Watch,Industrial Processes,All GHG,MtCO₂e,22.31,21.19,19.71,17.88,16.22,14.78,12.81,11.51,10.38,8.97,7.73,6.45,5.91,5.57,4.88,4.31,3.73,3.77,3.35,3.11,2.71,2.67,2.43,2.07,2.0,1.67,1.32,0.86,0.58,0.51,0.25,0.5
NLD,Netherlands,Climate Watch,Manufacturing/Construction,All GHG,MtCO₂e,22.27,22.36,22.48,23.3,23.88,23.31,21.45,21.16,21.41,22.2,21.34,22.2,21.0,22.06,24.01,23.85,23.06,23.34,23.78,23.62,23.12,23.31,24.4,23.02,24.19,25.68,24.49,25.72,26.13,26.6,27.1,28.6
CAN,Canada,Climate Watch,Industrial Processes,All GHG,MtCO₂e,22.01,21.83,22.2,21.88,21.63,20.77,20.05,18.78,18.76,19.21,18.04,17.36,17.1,20.26,19.94,20.34,22.15,22.59,20.09,20.04,19.22,20.42,20.31,23.57,26.77,27.6,27.13,27.16,24.94,26.75,28.49,29.1
ARG,Argentina,Climate Watch,Manufacturing/Construction,All GHG,MtCO₂e,21.5,20.85,20.62,20.82,19.09,19.57,21.79,21.6,21.2,19.27,20.8,19.13,17.64,20.77,21.18,22.23,20.55,20.13,19.12,17.19,17.76,18.0,18.42,20.38,20.94,17.85,17.34,17.62,15.12,15.81,14.79,14.2
FRA,France,Climate Watch,Industrial Processes,All GHG,MtCO₂e,20.51,21.31,23.3,24.57,25.74,27.27,27.05,27.33,27.67,27.88,28.35,27.85,28.31,30.46,31.27,30.62,30.22,29.87,31.75,30.91,29.76,28.49,29.54,33.07,38.97,38.74,36.81,37.25,38.16,38.74,38.85,39.32
BGD,Bangladesh,Climate Watch,Manufacturing/Construction,All GHG,MtCO₂e,20.03,17.82,18.23,16.87,18.23,15.45,13.49,10.59,10.82,10.25,9.26,9.21,8.19,7.04,6.01,5.32,4.72,4.13,5.51,4.81,4.44,3.05,2.85,2.87,3.64,2.97,3.33,1.9,1.47,1.5,1.52,2.32
DZA,Algeria,Climate Watch,Industrial Processes,All GHG,MtCO₂e,18.77,17.73,18.59,17.96,18.01,16.76,15.43,14.41,13.41,13.19,13.05,12.49,12.01,10.93,9.9,9.0,7.68,6.66,5.55,5.32,4.78,4.55,4.12,4.07,3.82,3.49,3.58,3.23,3.56,3.73,3.86,4.05
ITA,Italy,Climate Watch,Industrial Processes,All GHG,MtCO₂e,18.64,18.66,20.62,21.56,22.61,23.68,24.06,23.83,23.85,24.47,26.42,26.57,26.43,28.43,30.29,29.64,33.66,33.34,31.14,30.13,29.74,28.0,26.17,24.79,23.83,23.17,24.91,22.21,22.95,25.3,25.78,26.01
BEL,Belgium,Climate Watch,Manufacturing/Construction,All GHG,MtCO₂e,18.29,17.18,18.13,19.07,18.57,19.34,18.71,19.04,18.99,17.52,17.81,19.3,16.75,18.69,18.54,20.02,20.78,22.2,25.13,24.7,30.83,29.23,27.95,27.18,26.17,25.03,24.9,26.69,24.73,26.83,29.09,28.2
QAT,Qatar,Climate Watch,Manufacturing/Construction,All GHG,MtCO₂e,17.04,17.11,18.8,17.4,17.69,17.1,16.24,15.43,13.17,13.47,8.64,10.41,9.37,10.45,10.3,8.02,7.55,8.1,6.43,7.51,4.96,4.89,4.12,4.01,3.9,3.78,3.7,3.62,3.53,3.43,3.24,3.13
SGP,Singapore,Climate Watch,Industrial Processes,All GHG,MtCO₂e,16.95,15.87,15.24,14.62,13.99,13.36,12.73,12.2,11.66,11.12,10.58,10.05,10.06,10.08,10.1,10.11,10.13,10.24,10.34,10.45,10.56,10.66,10.25,9.83,9.42,9.0,8.59,6.96,5.33,3.69,2.06,0.43
IRQ,Iraq,Climate Watch,Industrial Processes,All GHG,MtCO₂e,16.9,16.2,15.33,13.76,9.75,8.88,7.31,6.58,7.24,6.16,5.84,4.79,4.25,3.86,2.99,2.42,2.04,1.84,1.59,3.39,3.08,3.08,2.6,1.34,1.12,0.98,1.09,1.03,1.01,1.0,2.22,4.31
ISR,Israel,Climate Watch,Industrial Processes,All GHG,MtCO₂e,16.59,15.28,14.55,14.15,13.71,13.06,12.65,12.5,12.16,12.03,11.82,11.38,10.48,10.37,9.9,9.2,8.52,8.06,7.67,7.36,7.1,7.18,6.58,5.77,4.57,3.79,3.29,2.79,2.63,2.36,2.15,1.83
AUS,Australia,Climate Watch,Industrial Processes,All GHG,MtCO₂e,16.2,16.41,17.05,17.37,17.86,18.19,17.92,17.25,16.79,17.36,16.92,16.7,15.83,15.2,13.98,12.87,13.42,12.34,11.68,10.68,10.05,8.57,8.17,8.54,7.63,7.73,7.69,8.45,9.91,10.3,10.37,10.81
DZA,Algeria,Climate Watch,Manufacturing/Construction,All GHG,MtCO₂e,15.95,13.31,13.95,12.77,12.05,10.91,10.83,10.26,10.02,10.07,10.82,10.71,9.87,10.1,9.74,8.72,8.23,8.11,7.03,6.63,6.27,6.18,6.07,5.67,5.31,5.9,6.28,5.98,6.25,6.33,6.24,5.69
GBR,United Kingdom,Climate Watch,Industrial Processes,All GHG,MtCO₂e,15.81,16.4,18.07,19.1,20.26,21.52,22.07,22.05,21.59,21.07,21.31,23.52,22.43,24.88,25.72,24.64,24.55,24.25,24.34,23.1,24.46,25.04,26.14,44.4,47.04,43.79,42.49,42.68,40.76,43.68,48.62,49.39
COL,Colombia,Climate Watch,Manufacturing/Construction,All GHG,MtCO₂e,15.77,13.94,14.63,15.7,15.32,14.64,14.34,16.24,16.65,11.89,15.25,12.03,12.09,13.72,12.12,11.74,14.74,13.98,14.55,16.02,16.0,16.22,14.8,15.72,17.03,16.21,15.51,15.81,14.86,13.36,13.03,12.51
ESP,Spain,Climate Watch,Industrial Processes,All GHG,MtCO₂e,15.55,15.82,17.38,18.67,19.14,19.79,19.79,26.0,24.8,25.89,26.79,29.26,29.67,34.1,35.62,33.6,31.13,29.12,28.9,26.51,27.6,30.81,29.14,26.37,25.28,23.27,22.51,19.92,16.41,17.79,18.57,19.91
IRQ,Iraq,Climate Watch,Manufacturing/Construction,All GHG,MtCO₂e,15.39,15.58,16.38,13.94,12.15,11.76,7.97,9.1,12.23,14.14,8.4,7.57,7.12,6.75,8.08,6.77,7.02,7.48,7.06,9.85,10.88,10.49,10.11,9.79,9.83,10.33,10.19,10.38,9.63,8.71,6.91,7.82
KWT,Kuwait,Climate Watch,Manufacturing/Construction,All GHG,MtCO₂e,15.13,14.26,13.24,12.46,12.28,11.49,11.11,9.75,12.3,11.87,11.96,10.51,9.82,9.2,7.46,10.61,11.54,8.0,8.43,6.68,7.13,7.62,5.47,6.47,4.27,4.67,6.01,6.19,7.18,5.26,0.99,4.06
NGA,Nigeria,Climate Watch,Manufacturing/Construction,All GHG,MtCO₂e,14.77,13.34,14.25,14.01,12.7,13.91,13.75,13.44,12.89,11.34,11.11,5.74,5.56,8.5,6.75,6.0,6.18,6.91,8.4,3.47,3.49,3.85,3.2,3.07,3.07,3.63,3.25,3.54,4.12,4.46,3.79,3.89
CHL,Chile,Climate Watch,Manufacturing/Construction,All GHG,MtCO₂e,14.44,14.15,14.64,14.55,14.59,15.2,15.22,14.19,13.06,11.76,14.14,13.85,11.45,12.25,12.17,12.26,10.73,10.76,10.93,10.55,11.36,10.46,10.32,10.8,12.87,9.67,8.95,7.94,8.11,7.67,6.75,6.46
POL,Poland,Climate Watch,Industrial Processes,All GHG,MtCO₂e,14.43,15.24,15.81,16.34,16.25,16.35,16.1,16.17,15.1,15.47,16.02,14.34,13.18,17.05,17.8,15.97,14.19,13.21,11.94,10.82,11.22,11.71,10.46,10.49,11.07,10.63,10.9,10.47,8.95,8.87,8.77,9.19
ROU,Romania,Climate Watch,Manufacturing/Construction,All GHG,MtCO₂e,14.39,13.44,12.95,12.65,11.95,11.79,12.52,12.56,12.42,13.25,13.41,12.85,12.62,18.57,19.05,19.82,21.05,20.73,20.71,21.3,20.3,18.8,17.68,20.29,25.42,29.98,31.24,26.54,15.69,17.24,45.59,60.48
COL,Colombia,Climate Watch,Industrial Processes,All GHG,MtCO₂e,13.93,12.77,12.85,12.2,11.72,11.39,11.21,10.57,9.71,9.6,8.77,7.86,7.44,7.63,7.42,6.69,6.38,5.65,5.37,4.89,4.7,4.61,3.94,4.71,4.58,4.29,4.3,4.26,3.64,3.19,3.0,2.98
OMN,Oman,Climate Watch,Manufacturing/Construction,All GHG,MtCO₂e,13.42,12.43,14.01,13.77,14.12,14.27,12.67,12.04,10.57,10.31,9.55,8.15,8.31,8.88,12.27,10.85,4.69,4.55,5.05,5.07,3.94,3.31,2.89,1.16,1.58,2.78,3.18,2.44,3.24,4.67,5.79,2.17
SGP,Singapore,Climate Watch,Manufacturing/Construction,All GHG,MtCO₂e,13.03,12.26,12.39,12.32,14.07,11.66,12.82,12.62,11.73,10.22,10.32,9.78,8.59,5.96,5.74,5.44,5.19,4.82,4.37,3.68,3.46,3.26,0.33,0.35,0.38,0.4,0.47,0.54,0.5,0.46,0.42,0.44
UZB,Uzbekistan,Climate Watch,Manufacturing/Construction,All GHG,MtCO₂e,13.01,11.81,13.2,11.6,11.88,10.74,9.98,11.23,12.97,14.13,17.58,17.38,15.12,17.03,16.39,16.89,16.2,16.96,17.01,17.82,17.04,16.91,16.34,15.83,7.83,10.55,13.6,0.23,0.27,0.31,0.39,0.41
CZE,Czech Republic,Climate Watch,Manufacturing/Construction,All GHG,MtCO₂e,12.92,11.98,11.82,12.52,12.31,11.54,11.81,11.64,11.86,12.65,12.87,13.4,16.79,17.35,18.22,19.88,20.29,20.85,20.73,20.6,22.5,24.19,20.0,23.31,24.88,25.48,26.62,27.52,33.18,40.25,37.23,46.9
VEN,Venezuela,Climate Watch,Industrial Processes,All GHG,MtCO₂e,12.8,11.86,11.15,10.9,11.66,11.22,11.59,11.37,11.59,11.31,10.95,10.61,10.22,9.61,8.96,9.57,6.67,6.27,7.37,7.01,7.71,7.61,7.85,7.88,8.14,8.15,8.49,8.52,8.85,9.1,9.35,9.22
PHL,Philippines,Climate Watch,Manufacturing/Construction,All GHG,MtCO₂e,12.79,10.97,13.51,14.57,17.01,15.66,13.53,13.2,12.68,10.98,11.86,12.16,10.46,12.18,11.6,9.95,9.78,9.31,9.3,8.24,8.78,9.29,11.36,11.76,13.01,11.05,11.74,8.63,9.31,7.65,7.29,9.43
AUT,Austria,Climate Watch,Manufacturing/Construction,All GHG,MtCO₂e,10.93,10.53,10.78,10.68,10.77,10.85,10.55,10.45,10.79,11.17,11.36,11.24,10.73,11.37,11.11,11.4,11.17,11.82,11.15,10.39,10.64,10.78,9.61,10.38,11.05,9.9,9.78,9.33,9.47,9.22,10.16,9.59
UKR,Ukraine,Climate Watch,Industrial Processes,All GHG,MtCO₂e,10.25,9.78,9.54,9.16,8.86,8.79,8.3,8.34,8.45,8.35,9.14,7.24,6.16,11.05,11.29,9.6,8.74,7.82,7.33,6.34,5.56,5.37,5.28,5.44,5.49,5.01,6.04,8.18,10.28,13.4,5.41,6.23
UZB,Uzbekistan,Climate Watch,Industrial Processes,All GHG,MtCO₂e,9.65,8.54,7.85,7.06,6.89,6.64,6.53,6.09,5.91,5.79,5.76,5.86,5.68,5.44,5.01,4.65,4.41,4.14,3.65,3.43,3.42,3.11,3.08,3.33,3.15,3.25,3.22,3.55,4.25,4.66,2.24,1.71
ARE,United Arab Emirates,Climate Watch,Industrial Processes,All GHG,MtCO₂e,8.54,8.29,8.6,8.87,8.83,8.54,9.68,9.54,7.7,7.31,7.61,8.26,8.58,9.53,7.44,6.18,5.02,4.72,4.4,4.06,3.75,3.77,4.1,4.05,3.29,3.53,3.45,3.1,2.69,2.62,2.5,2.43
SVK,Slovakia,Climate Watch,Manufacturing/Construction,All GHG,MtCO₂e,8.04,7.26,7.52,8.44,7.81,7.36,7.16,7.27,7.06,6.91,6.76,6.82,6.45,8.02,8.28,8.41,8.43,8.32,8.83,9.15,8.58,9.87,9.22,9.76,10.84,11.23,10.5,11.71,11.22,13.49,14.37,15.9
MAR,Morocco,Climate Watch,Manufacturing/Construction,All GHG,MtCO₂e,7.62,6.73,7.65,7.88,7.94,6.93,7.49,7.73,8.79,8.88,8.65,7.67,7.24,7.65,6.8,6.78,6.68,6.41,4.17,5.38,5.63,5.57,5.81,5.42,5.39,5.53,4.66,5.58,5.0,5.86,5.66,5.41
GRC,Greece,Climate Watch,Industrial Processes,All GHG,MtCO₂e,7.41,7.59,8.41,8.92,9.63,10.17,9.65,9.87,9.58,8.7,7.78,9.23,9.64,11.49,11.92,12.13,12.6,12.02,11.86,12.22,12.19,12.8,14.06,13.15,12.69,12.36,11.57,9.69,9.04,8.26,8.33,8.34
FIN,Finland,Climate Watch,Manufacturing/Construction,All GHG,MtCO₂e,7.24,6.98,7.54,7.72,7.6,7.58,7.44,7.75,7.77,7.91,8.67,9.31,7.72,9.27,9.71,10.06,10.01,10.54,10.46,10.8,11.15,11.25,13.1,13.71,12.23,11.9,12.04,13.71,12.47,12.91,13.33,13.85
MMR,Myanmar,Climate Watch,Manufacturing/Construction,All GHG,MtCO₂e,7.16,8.47,8.99,8.54,8.29,3.95,5.42,4.96,4.01,3.68,2.45,2.36,2.05,2.0,1.94,1.99,2.06,1.92,2.53,1.48,2.36,2.4,1.42,1.14,1.23,1.01,0.97,0.93,0.76,1.13,0.96,0.97
SWE,Sweden,Climate Watch,Manufacturing/Construction,All GHG,MtCO₂e,7.13,6.94,7.38,7.27,7.26,7.21,7.55,7.33,7.79,8.25,8.98,9.32,7.24,9.72,10.22,10.18,11.09,12.6,12.54,12.91,12.52,14.03,14.64,14.56,14.51,15.65,15.19,15.0,14.71,13.61,11.7,12.22
KHM,Cambodia,Climate Watch,Industrial Processes,All GHG,MtCO₂e,7.05,6.44,5.97,4.15,3.01,2.01,1.11,0.92,0.86,0.79,0.68,0.56,0.52,0.53,0.19,0.12,0.1,0.09,0.09,0.08,0.08,0.07,0.06,0.05,0.04,0.03,0.02,0.01,0.01,0.01,0.0,0.0
PER,Peru,Climate Watch,Industrial Processes,All GHG,MtCO₂e,7.02,5.35,5.88,5.57,5.45,5.41,5.46,5.51,5.1,4.51,4.01,3.97,3.91,3.47,3.21,3.04,2.75,2.49,2.19,2.16,2.12,2.08,2.01,2.23,2.19,1.96,1.92,1.66,1.35,1.18,1.26,1.27
HUN,Hungary,Climate Watch,Manufacturing/Construction,All GHG,MtCO₂e,6.95,6.63,6.68,6.83,6.54,5.89,5.82,5.42,5.66,4.99,5.75,4.38,4.1,5.58,5.7,5.79,5.95,5.83,5.92,6.07,6.02,5.78,6.23,6.44,6.89,8.56,8.32,8.4,8.89,9.49,11.78,14.09
LBY,Libya,Climate Watch,Industrial Processes,All GHG,MtCO₂e,6.95,6.27,6.1,6.09,5.72,5.2,5.18,5.65,3.41,3.08,3.35,4.4,4.05,3.51,3.25,3.16,2.36,2.31,2.22,2.1,1.93,1.89,1.79,1.7,1.41,1.73,1.49,1.72,1.09,1.07,1.08,1.19
PER,Peru,Climate Watch,Manufacturing/Construction,All GHG,MtCO₂e,6.93,6.58,8.32,8.19,7.81,7.84,8.97,8.67,8.75,7.73,8.18,7.63,8.63,8.77,9.14,7.59,8.14,7.97,6.94,7.31,6.83,7.57,7.35,6.18,5.84,5.94,5.37,4.29,4.62,4.19,4.61,4.1
KEN,Kenya,Climate Watch,Industrial Processes,All GHG,MtCO₂e,6.9,5.86,4.99,4.86,4.8,4.88,4.54,4.17,3.64,3.3,3.08,2.57,2.31,1.99,1.78,1.53,1.44,1.22,1.11,0.98,0.88,0.86,0.87,0.84,0.86,0.99,0.85,0.78,0.76,0.79,0.74,0.77
NOR,Norway,Climate Watch,Manufacturing/Construction,All GHG,MtCO₂e,6.74,6.56,6.4,6.52,6.42,6.23,6.3,6.42,6.69,6.57,6.61,6.52,5.16,6.17,6.05,6.16,6.19,6.93,6.68,5.44,6.28,6.65,6.22,6.05,5.82,6.19,5.7,5.64,4.72,4.6,5.03,6.31
NPL,Nepal,Climate Watch,Manufacturing/Construction,All GHG,MtCO₂e,6.35,7.08,5.01,5.22,4.35,3.74,2.79,2.64,1.99,2.28,1.46,1.24,0.77,0.76,0.82,0.63,1.04,0.67,0.78,0.65,1.28,1.13,1.05,0.31,0.3,0.31,0.36,0.34,0.19,0.15,0.26,0.21
TUN,Tunisia,Climate Watch,Industrial Processes,All GHG,MtCO₂e,6.15,5.35,5.85,5.81,5.4,5.58,6.08,5.75,4.75,5.23,4.34,5.17,4.8,4.76,4.43,4.3,4.11,4.07,3.73,3.7,3.53,3.48,2.98,2.75,2.57,2.56,2.67,2.43,2.25,2.1,2.1,1.72
JOR,Jordan,Climate Watch,Industrial Processes,All GHG,MtCO₂e,6.1,5.73,5.43,5.59,5.15,4.74,4.38,4.09,3.76,3.45,2.78,2.94,2.81,2.86,2.72,2.46,2.05,2.0,1.85,1.86,1.71,1.49,1.45,1.37,1.55,1.59,1.53,1.72,1.51,1.35,0.61,0.78
NZL,New Zealand,Climate Watch,Manufacturing/Construction,All GHG,MtCO₂e,6.1,6.34,6.96,6.57,6.59,6.69,6.61,6.87,6.17,5.35,5.15,5.48,5.16,5.58,5.54,5.14,5.08,5.9,6.32,6.76,6.48,6.06,5.55,5.64,5.88,6.11,6.03,6.31,6.33,6.08,6.09,5.95
PRK,North Korea,Climate Watch,Industrial Processes,All GHG,MtCO₂e,5.99,5.55,5.4,5.36,5.62,5.59,5.32,5.24,5.15,4.99,4.94,4.83,4.5,4.33,3.97,3.74,3.4,3.17,3.03,2.83,2.7,2.42,2.63,2.67,3.17,3.77,4.36,4.88,4.53,4.64,4.62,4.81
BGD,Bangladesh,Climate Watch,Industrial Processes,All GHG,MtCO₂e,5.89,5.49,5.13,4.57,3.92,3.37,2.86,2.36,2.17,1.91,1.75,1.55,1.49,1.42,1.32,1.26,1.24,1.23,1.25,1.26,1.27,1.01,0.69,0.48,0.4,0.28,0.15,0.15,0.14,0.13,0.12,0.13
MAR,Morocco,Climate Watch,Industrial Processes,All GHG,MtCO₂e,5.77,5.07,5.55,5.4,5.54,5.65,5.66,5.57,6.46,6.21,5.55,5.7,5.91,5.74,5.26,4.7,4.57,4.58,4.34,4.27,4.19,3.41,3.19,3.16,3.09,2.83,2.76,2.76,2.78,2.8,2.57,1.9
ROU,Romania,Climate Watch,Industrial Processes,All GHG,MtCO₂e,5.7,5.74,5.78,5.57,5.5,5.49,5.39,4.8,4.59,5.43,5.45,5.05,4.78,6.28,7.5,6.69,6.72,6.44,5.85,6.01,6.84,7.67,7.13,7.58,8.28,9.02,8.89,7.71,8.06,7.94,8.32,11.35
LAO,Laos,Climate Watch,Industrial Processes,All GHG,MtCO₂e,5.67,2.51,2.13,1.96,1.61,1.39,1.25,0.91,0.88,0.62,0.54,0.5,0.42,0.18,0.18,0.18,0.12,0.12,0.12,0.11,0.05,0.05,0.04,0.04,0.04,0.04,0.01,0.01,0.01,0.01,0.0,0.0
KAZ,Kazakhstan,Climate Watch,Industrial Processes,All GHG,MtCO₂e,5.63,6.15,5.43,5.46,5.31,4.95,4.84,4.55,4.43,3.7,2.47,2.33,1.91,1.92,1.28,0.95,0.63,0.62,0.21,0.22,0.39,0.19,0.04,0.07,0.06,0.02,0.11,0.18,0.37,0.72,0.03,0.03
OMN,Oman,Climate Watch,Industrial Processes,All GHG,MtCO₂e,5.59,5.35,4.86,4.56,4.14,4.19,3.8,3.56,3.62,3.55,3.03,2.7,2.4,2.26,2.12,1.86,1.4,1.37,1.32,1.02,0.88,0.81,0.76,0.76,0.69,0.64,0.56,0.56,0.47,0.45,0.45,0.44
PRT,Portugal,Climate Watch,Manufacturing/Construction,All GHG,MtCO₂e,5.55,5.42,5.55,5.62,5.77,5.44,5.63,5.67,5.49,5.69,6.46,6.74,6.6,7.2,8.06,7.61,7.87,8.17,8.79,10.29,10.31,11.01,10.77,10.59,9.42,8.85,8.33,8.68,7.92,8.27,8.45,8.2
VEN,Venezuela,Climate Watch,Manufacturing/Construction,All GHG,MtCO₂e,5.41,7.21,9.68,17.6,18.08,17.0,18.75,29.62,32.84,36.31,34.3,36.46,21.19,19.85,14.64,29.53,32.25,32.65,29.86,29.17,25.75,24.72,25.4,31.77,32.29,30.88,28.2,25.96,25.85,22.81,25.14,23.58
CUB,Cuba,Climate Watch,Manufacturing/Construction,All GHG,MtCO₂e,5.13,5.24,5.12,6.05,5.78,5.24,6.57,4.66,7.35,7.33,6.84,7.67,6.9,7.19,8.23,7.82,6.4,5.09,5.79,8.0,11.95,11.18,11.41,10.07,9.56,7.52,6.8,6.19,5.91,6.36,7.68,11.16
BEL,Belgium,Climate Watch,Industrial Processes,All GHG,MtCO₂e,5.08,5.23,5.65,5.6,5.58,5.96,5.83,6.25,6.07,6.27,6.2,7.08,6.79,6.83,6.72,7.22,7.85,7.72,7.59,8.16,8.23,8.64,8.55,8.69,8.44,8.38,8.1,7.68,7.07,6.84,6.7,6.5
BGR,Bulgaria,Climate Watch,Manufacturing/Construction,All GHG,MtCO₂e,5.02,4.45,4.62,4.85,4.4,3.74,3.69,3.37,3.31,3.3,3.64,3.73,3.51,6.13,8.44,7.97,7.85,8.02,8.12,7.52,7.9,8.0,7.87,11.4,14.15,8.76,9.07,7.93,6.41,7.4,8.91,12.12
CHE,Switzerland,Climate Watch,Manufacturing/Construction,All GHG,MtCO₂e,4.88,4.71,4.87,4.98,5.16,5.25,5.15,5.37,5.51,5.44,5.38,5.74,5.52,6.05,6.03,6.15,5.77,5.8,5.81,5.51,6.12,5.8,6.41,6.0,5.97,6.36,6.53,6.23,6.53,6.67,7.01,6.58
TUN,Tunisia,Climate Watch,Manufacturing/Construction,All GHG,MtCO₂e,4.86,4.44,4.93,4.9,5.19,5.2,5.36,5.36,4.8,4.67,4.24,4.63,4.43,5.04,5.03,5.02,4.58,4.64,4.41,3.67,3.73,3.63,3.32,3.31,3.16,3.15,2.93,2.91,3.09,3.42,3.09,3.4
SEN,Senegal,Climate Watch,Industrial Processes,All GHG,MtCO₂e,4.83,4.55,4.32,3.66,3.44,3.29,2.95,2.94,2.95,2.61,2.5,2.16,1.82,1.67,1.64,1.5,1.35,1.24,0.96,0.93,0.87,0.78,0.6,0.57,0.47,0.42,0.34,0.32,0.27,0.27,0.22,0.2
CHL,Chile,Climate Watch,Industrial Processes,All GHG,MtCO₂e,4.7,4.43,4.19,3.87,3.85,3.85,3.56,3.56,3.62,3.67,3.63,3.6,3.33,3.25,2.95,2.56,2.44,2.49,2.42,2.4,2.34,2.35,2.13,2.14,1.79,1.64,1.51,1.54,1.35,1.16,1.0,0.96
DOM,Dominican Republic,Climate Watch,Manufacturing/Construction,All GHG,MtCO₂e,4.62,4.16,4.0,3.21,3.28,3.27,2.99,2.92,3.21,2.6,2.43,2.87,2.48,2.44,2.35,2.48,1.86,1.65,2.1,2.12,1.29,1.31,1.15,1.04,1.28,1.1,1.01,0.93,0.73,0.85,0.77,0.81
BLR,Belarus,Climate Watch,Manufacturing/Construction,All GHG,MtCO₂e,4.61,4.73,4.85,4.78,4.67,4.53,4.48,5.35,5.23,5.13,4.77,4.68,4.25,4.55,4.28,4.0,4.04,3.92,3.61,3.24,3.27,3.22,4.27,4.45,3.88,3.86,3.41,4.18,5.53,5.48,8.17,8.39
CZE,Czech Republic,Climate Watch,Industrial Processes,All GHG,MtCO₂e,4.61,4.71,5.01,5.11,5.19,5.38,5.12,4.81,4.42,4.65,4.64,4.21,4.17,4.67,4.49,3.97,3.67,3.64,3.29,3.12,3.37,3.59,3.41,3.67,3.56,3.48,3.36,3.42,3.19,3.67,1.01,1.39
AFG,Afghanistan,Climate Watch,Manufacturing/Construction,All GHG,MtCO₂e,4.59,4.29,3.91,3.86,3.48,2.98,2.93,3.71,3.37,3.25,4.17,2.39,1.67,1.21,0.74,0.35,0.35,0.24,0.49,0.56,0.23,0.23,0.25,0.28,0.3,0.32,0.34,0.36,0.38,0.39,0.53,0.57
ETH,Ethiopia,Climate Watch,Industrial Processes,All GHG,MtCO₂e,4.52,4.55,4.46,4.36,4.15,3.86,3.42,2.57,2.16,1.72,1.11,0.9,0.89,0.92,0.82,0.85,0.76,0.66,0.58,0.48,0.47,0.46,0.35,0.38,0.36,0.32,0.27,0.21,0.16,0.14,0.13,0.15
TTO,Trinidad and Tobago,Climate Watch,Industrial Processes,All GHG,MtCO₂e,4.48,4.25,4.01,3.75,3.5,3.27,3.06,2.8,2.53,2.22,2.03,1.76,1.65,1.55,1.39,1.25,1.03,1.02,0.98,0.93,0.86,0.84,0.74,0.66,0.57,0.47,0.37,0.36,0.32,0.28,0.27,0.23
GRC,Greece,Climate Watch,Manufacturing/Construction,All GHG,MtCO₂e,4.37,4.21,4.62,5.11,5.29,6.51,6.34,6.02,5.66,5.86,5.81,6.71,6.49,8.58,10.27,9.08,8.75,8.84,9.59,9.95,10.39,10.26,9.36,10.45,10.49,10.38,9.69,8.95,9.03,9.23,9.59,9.7
BHR,Bahrain,Climate Watch,Industrial Processes,All GHG,MtCO₂e,4.34,4.13,3.85,3.72,3.53,3.19,2.76,2.63,2.41,2.2,1.97,1.72,1.46,1.12,1.03,0.95,0.86,0.85,0.83,0.81,0.79,0.78,0.68,0.59,0.5,0.4,0.31,0.27,0.19,0.16,0.14,0.11
PRT,Portugal,Climate Watch,Industrial Processes,All GHG,MtCO₂e,4.23,4.62,4.75,5.0,5.51,5.5,5.98,6.01,5.6,5.16,5.28,5.89,5.54,6.37,6.34,5.91,5.84,5.63,5.06,5.2,4.78,4.9,4.8,4.46,4.37,4.11,4.15,3.81,3.76,3.77,3.89,3.82
CIV,Côte d'Ivoire,Climate Watch,Industrial Processes,All GHG,MtCO₂e,4.22,3.99,3.7,3.4,3.11,2.82,2.52,2.27,2.02,1.78,1.53,1.28,1.15,1.03,0.9,0.77,0.65,0.62,0.6,0.57,0.54,0.52,0.43,0.35,0.27,0.19,0.11,0.09,0.07,0.04,0.02,0.0
ETH,Ethiopia,Climate Watch,Manufacturing/Construction,All GHG,MtCO₂e,4.21,4.04,5.19,4.73,4.08,4.42,3.59,3.9,2.95,2.35,2.48,1.74,1.37,1.39,1.34,1.23,1.15,1.12,0.95,1.01,0.96,0.79,0.71,0.72,0.66,0.61,0.57,0.52,0.39,0.26,0.56,0.55
DOM,Dominican Republic,Climate Watch,Industrial Processes,All GHG,MtCO₂e,4.13,3.55,3.62,3.44,3.28,3.15,3.06,2.9,2.51,2.37,2.24,2.2,2.05,2.15,2.07,1.91,1.47,1.4,1.49,1.53,1.39,1.27,1.15,0.95,0.9,0.78,0.67,0.59,0.58,0.62,0.56,0.48
LBN,Lebanon,Climate Watch,Industrial Processes,All GHG,MtCO₂e,4.13,4.02,4.3,4.7,4.63,4.43,4.27,4.3,4.04,3.7,3.7,3.51,3.39,3.08,2.94,2.6,3.25,3.08,2.75,2.09,2.08,1.99,1.64,1.59,1.04,0.93,0.56,0.23,0.25,0.17,0.12,0.13
IRL,Ireland,Climate Watch,Manufacturing/Construction,All GHG,MtCO₂e,4.05,3.95,4.09,4.17,3.94,3.77,3.65,3.66,3.39,3.27,3.21,3.61,3.51,4.62,4.8,5.22,5.23,5.04,4.96,4.81,5.14,5.18,4.45,4.29,4.36,4.04,4.2,4.23,4.05,3.89,4.22,4.14
DNK,Denmark,Climate Watch,Manufacturing/Construction,All GHG,MtCO₂e,4.03,3.74,3.67,3.77,3.78,3.53,3.41,3.47,3.46,3.7,4.01,4.02,3.83,4.67,5.17,5.35,5.18,5.38,5.25,5.21,5.61,5.42,5.73,5.68,5.84,5.93,6.0,5.76,5.72,5.78,5.92,5.49
ISR,Israel,Climate Watch,Manufacturing/Construction,All GHG,MtCO₂e,3.86,4.3,5.04,4.37,4.98,4.17,4.53,5.14,4.93,1.31,0.86,3.03,2.03,1.7,0.98,0.9,0.83,0.88,1.03,1.29,1.31,1.48,1.55,1.69,1.92,2.82,2.94,2.67,2.36,1.63,3.16,3.19
SYR,Syria,Climate Watch,Industrial Processes,All GHG,MtCO₂e,3.73,3.49,3.31,3.17,3.05,3.05,2.73,2.65,3.32,3.94,3.54,3.85,3.37,3.24,2.99,2.66,2.42,2.36,2.31,2.19,2.24,2.02,2.22,2.02,2.12,1.98,1.97,1.97,1.96,1.61,1.51,1.5
TZA,Tanzania,Climate Watch,Industrial Processes,All GHG,MtCO₂e,3.63,3.56,3.45,2.55,2.31,2.15,1.67,1.49,1.26,1.28,1.17,1.09,0.92,0.83,0.77,0.66,0.64,0.61,0.56,0.5,0.44,0.41,0.4,0.37,0.29,0.33,0.26,0.15,0.24,0.23,0.23,0.23
NPL,Nepal,Climate Watch,Industrial Processes,All GHG,MtCO₂e,3.54,3.25,3.85,3.47,3.14,2.29,1.54,1.23,1.18,1.06,0.83,0.55,0.49,0.14,0.14,0.14,0.13,0.13,0.13,0.13,0.13,0.13,0.13,0.12,0.1,0.13,0.14,0.13,0.12,0.1,0.06,0.05
CHE,Switzerland,Climate Watch,Industrial Processes,All GHG,MtCO₂e,3.53,3.43,3.44,3.4,3.38,3.35,3.36,3.52,3.48,3.44,3.5,3.48,3.34,3.41,3.37,3.25,3.17,3.02,2.8,2.77,2.74,2.64,2.39,2.34,2.21,2.32,2.46,2.42,2.19,2.42,2.58,2.93
TZA,Tanzania,Climate Watch,Manufacturing/Construction,All GHG,MtCO₂e,3.4,2.81,2.99,2.23,2.19,1.85,2.17,1.63,0.99,0.94,1.14,0.79,0.52,0.58,0.73,0.97,0.78,0.63,0.5,0.51,0.52,0.6,0.57,0.52,0.45,0.5,0.46,0.46,0.47,0.42,0.41,0.4
LKA,Sri Lanka,Climate Watch,Industrial Processes,All GHG,MtCO₂e,3.36,2.75,2.83,2.42,2.22,1.97,1.62,1.39,1.32,1.28,1.17,1.0,1.03,0.97,0.9,0.85,0.78,0.73,0.63,0.56,0.59,0.54,0.5,0.45,0.46,0.43,0.4,0.41,0.3,0.36,0.18,0.18
AUT,Austria,Climate Watch,Industrial Processes,All GHG,MtCO₂e,3.26,3.29,3.37,3.56,3.57,3.72,3.69,3.6,3.53,3.53,3.46,3.54,3.59,4.28,4.2,3.98,3.78,4.0,4.43,4.2,4.1,4.07,3.93,3.96,4.28,4.13,3.99,4.34,4.29,4.15,4.78,4.69
KEN,Kenya,Climate Watch,Manufacturing/Construction,All GHG,MtCO₂e,3.26,2.75,2.65,3.02,3.61,3.75,3.63,3.22,2.49,2.12,2.93,2.51,2.14,2.28,2.2,2.34,1.91,1.74,1.56,1.81,1.64,1.52,1.3,1.43,1.56,1.79,1.56,1.56,1.58,1.49,1.42,1.43
COD,Democratic Republic of the Congo,Climate Watch,Industrial Processes,All GHG,MtCO₂e,3.19,2.95,2.81,2.55,2.27,1.84,1.72,1.54,1.44,1.27,1.14,1.0,0.91,0.81,0.78,0.7,0.63,0.56,0.52,0.47,0.43,0.39,0.34,0.28,0.23,0.23,0.18,0.14,0.12,0.12,0.14,0.22
ECU,Ecuador,Climate Watch,Industrial Processes,All GHG,MtCO₂e,3.15,2.94,3.1,3.14,3.03,2.92,2.98,3.22,3.18,2.87,2.7,2.5,2.48,2.55,2.13,1.99,1.79,1.7,1.53,1.49,1.45,1.39,1.15,1.27,1.38,1.42,1.22,1.02,0.99,1.05,1.07,1.05
NOR,Norway,Climate Watch,Industrial Processes,All GHG,MtCO₂e,3.12,3.09,3.02,2.97,2.94,2.8,2.64,2.73,2.64,2.63,2.68,2.68,2.84,3.69,4.1,4.16,4.57,4.42,4.42,5.23,5.24,5.36,5.5,5.19,5.11,5.23,5.4,5.47,5.66,5.27,7.93,8.67
IRL,Ireland,Climate Watch,Industrial Processes,All GHG,MtCO₂e,3.01,2.74,2.95,3.06,3.06,3.1,2.83,2.68,2.27,2.21,2.03,2.17,2.42,3.21,3.58,3.56,3.4,3.41,3.46,3.15,3.49,3.46,2.66,2.4,2.53,2.19,1.96,1.79,1.63,1.62,1.64,1.94
ECU,Ecuador,Climate Watch,Manufacturing/Construction,All GHG,MtCO₂e,2.82,2.69,2.83,3.07,2.13,2.23,3.22,3.76,3.52,3.09,2.91,2.85,2.72,2.36,2.07,2.75,2.92,2.78,2.81,2.94,2.71,2.77,2.96,3.24,3.09,3.06,2.72,2.81,2.52,2.8,2.56,2.44
BLR,Belarus,Climate Watch,Industrial Processes,All GHG,MtCO₂e,2.76,2.82,2.79,2.67,2.74,2.71,2.79,3.17,2.87,2.7,2.46,2.51,2.36,2.31,2.11,2.05,1.94,1.77,1.63,1.44,1.28,1.31,1.34,1.35,1.24,1.04,0.97,1.04,1.26,1.33,0.42,0.43
SDN,Sudan,Climate Watch,Industrial Processes,All GHG,MtCO₂e,2.75,2.69,2.6,2.52,2.44,2.35,2.15,1.99,1.95,1.84,1.58,1.11,0.57,0.39,0.38,0.3,0.32,0.3,0.28,0.25,0.23,0.21,0.22,0.18,0.19,0.21,0.19,0.09,0.12,0.12,0.08,0.07
SRB,Serbia,Climate Watch,Manufacturing/Construction,All GHG,MtCO₂e,2.74,2.77,3.47,4.06,3.65,3.84,3.46,3.67,4.19,4.97,5.66,4.9,4.2,7.61,8.36,7.72,6.89,9.68,7.88,6.56,6.13,5.28,5.31,9.28,7.74,7.7,3.18,3.95,4.48,7.32,7.26,9.83
NLD,Netherlands,Climate Watch,Industrial Processes,All GHG,MtCO₂e,2.73,2.85,3.04,3.43,3.68,3.8,3.82,3.76,3.87,3.86,3.98,4.23,4.05,4.21,7.81,8.8,8.64,8.72,8.49,10.55,9.75,13.05,14.33,20.34,19.37,18.96,17.04,17.99,16.74,15.5,14.48,15.56
BFA,Burkina Faso,Climate Watch,Industrial Processes,All GHG,MtCO₂e,2.59,2.19,2.3,1.97,1.74,1.58,1.37,0.92,0.91,0.85,0.74,0.66,0.61,0.53,0.32,0.28,0.23,0.22,0.21,0.2,0.2,0.21,0.22,0.13,0.11,0.08,0.05,0.03,0.02,0.02,0.01,0.0
GTM,Guatemala,Climate Watch,Manufacturing/Construction,All GHG,MtCO₂e,2.59,2.0,1.77,1.95,1.95,2.04,1.99,1.82,1.72,1.68,1.69,1.35,1.27,1.49,1.9,1.58,1.46,0.94,1.08,1.03,1.37,1.33,1.16,1.32,1.28,1.25,1.31,1.12,1.06,0.86,0.78,0.73
MMR,Myanmar,Climate Watch,Industrial Processes,All GHG,MtCO₂e,2.57,2.3,1.95,1.72,2.1,0.97,0.38,0.51,0.43,0.35,0.21,0.21,0.26,0.26,0.24,0.22,0.22,0.21,0.23,0.19,0.15,0.16,0.14,0.15,0.21,0.2,0.21,0.19,0.16,0.19,0.18,0.17
GHA,Ghana,Climate Watch,Manufacturing/Construction,All GHG,MtCO₂e,2.55,2.25,2.07,1.97,1.66,1.72,1.83,1.69,1.77,1.7,1.47,1.3,1.35,1.17,1.08,1.06,0.98,0.95,0.87,0.88,0.71,0.73,0.7,0.62,0.54,0.52,0.48,0.43,0.38,0.37,0.32,0.32
QAT,Qatar,Climate Watch,Industrial Processes,All GHG,MtCO₂e,2.52,2.29,2.48,2.84,2.95,3.17,3.21,2.87,2.55,2.55,2.35,1.88,1.96,1.81,1.28,0.71,0.64,0.6,0.6,0.57,0.53,0.51,0.44,0.42,0.3,0.3,0.21,0.21,0.25,0.25,0.25,0.14
LSO,Lesotho,Climate Watch,Manufacturing/Construction,All GHG,MtCO₂e,2.5,1.51,1.65,1.63,1.78,1.52,1.58,1.82,1.68,2.37,2.36,1.64,1.59,1.56,1.53,1.51,1.48,1.46,1.43,1.41,1.38,1.36,1.35,1.33,1.31,1.28,1.26,1.23,1.19,1.16,1.11,1.06
HUN,Hungary,Climate Watch,Industrial Processes,All GHG,MtCO₂e,2.42,2.45,2.66,2.64,2.66,2.7,3.3,2.96,2.36,2.39,2.41,2.44,2.6,3.05,3.89,4.26,4.39,4.34,3.78,3.52,4.09,3.83,3.31,3.33,3.46,3.45,2.99,3.59,2.76,2.12,3.18,5.41
SYR,Syria,Climate Watch,Manufacturing/Construction,All GHG,MtCO₂e,2.41,2.52,2.78,3.15,2.54,2.42,2.67,3.01,3.24,5.03,6.58,7.37,6.04,7.61,7.55,6.9,6.33,4.51,5.75,5.36,5.57,5.38,5.84,6.09,4.85,5.33,4.99,4.65,4.24,3.92,3.68,2.98
TJK,Tajikistan,Climate Watch,Industrial Processes,All GHG,MtCO₂e,2.39,2.49,2.45,2.26,1.89,1.02,1.03,0.92,0.57,0.52,0.57,0.59,0.56,0.58,0.67,0.68,0.68,0.68,0.7,0.69,0.7,0.72,0.74,0.77,0.82,0.86,0.92,0.75,0.64,0.52,0.16,0.0
HRV,Croatia,Climate Watch,Manufacturing/Construction,All GHG,MtCO₂e,2.38,2.35,2.33,2.34,2.32,2.15,2.16,2.23,2.28,2.3,2.64,2.85,3.01,3.7,3.68,3.67,3.53,3.43,3.01,2.95,3.09,2.85,2.89,3.02,3.02,2.77,2.68,2.93,2.79,2.95,3.71,5.4
BHR,Bahrain,Climate Watch,Manufacturing/Construction,All GHG,MtCO₂e,2.28,2.12,2.19,2.17,1.96,2.12,2.09,2.23,1.74,1.05,0.79,0.72,0.3,0.24,0.21,0.19,0.17,0.14,0.12,0.13,0.13,0.08,0.08,0.07,0.07,0.05,0.04,0.03,0.03,0.03,0.03,0.03
NZL,New Zealand,Climate Watch,Industrial Processes,All GHG,MtCO₂e,2.26,2.21,2.19,2.15,2.13,2.12,2.42,2.32,2.22,2.13,2.05,1.88,1.83,1.82,1.77,1.55,1.46,1.38,1.41,1.31,1.1,1.06,1.06,0.92,1.07,1.08,0.92,0.86,0.85,1.09,1.5,1.51
PRY,Paraguay,Climate Watch,Industrial Processes,All GHG,MtCO₂e,2.24,2.12,2.02,1.91,1.76,1.77,1.61,1.4,1.25,1.2,1.0,0.93,0.88,0.77,0.68,0.64,0.57,0.53,0.53,0.47,0.46,0.48,0.44,0.41,0.4,0.37,0.35,0.31,0.25,0.25,0.16,0.16
MNG,Mongolia,Climate Watch,Manufacturing/Construction,All GHG,MtCO₂e,2.23,2.21,2.5,1.96,1.78,1.44,1.5,1.9,2.23,2.43,2.0,1.63,1.42,1.63,1.6,2.2,0.75,0.7,0.69,0.65,0.61,0.63,0.87,0.98,1.55,1.1,1.97,1.84,2.42,2.67,3.45,2.83
HND,Honduras,Climate Watch,Industrial Processes,All GHG,MtCO₂e,2.22,2.08,2.12,2.1,2.08,1.86,1.71,1.56,1.5,1.48,1.29,1.13,1.11,1.07,1.02,0.94,0.79,0.78,0.72,0.69,0.71,0.69,0.54,0.48,0.51,0.45,0.33,0.29,0.33,0.3,0.31,0.29
BGR,Bulgaria,Climate Watch,Industrial Processes,All GHG,MtCO₂e,2.16,2.24,2.41,2.59,2.7,2.75,2.49,2.18,2.03,1.98,1.82,1.78,1.93,3.14,3.02,2.39,2.77,2.45,2.12,2.01,2.15,2.11,1.73,1.85,2.71,3.44,3.43,2.43,2.06,2.12,2.46,3.86
MOZ,Mozambique,Climate Watch,Industrial Processes,All GHG,MtCO₂e,2.16,2.03,1.95,1.78,1.71,1.7,1.32,1.25,1.14,1.06,0.95,0.88,0.87,0.9,0.9,0.92,0.91,0.83,0.75,0.61,0.42,0.32,0.26,0.22,0.18,0.13,0.04,0.04,0.02,0.02,0.04,0.04
BOL,Bolivia,Climate Watch,Manufacturing/Construction,All GHG,MtCO₂e,2.13,1.9,2.37,2.31,2.36,2.42,2.45,2.47,2.41,2.19,2.05,1.85,1.8,1.77,1.87,1.45,1.32,1.32,1.17,1.28,1.11,0.92,1.02,1.01,0.91,0.83,0.96,0.87,0.77,0.74,0.73,0.78
GEO,Georgia,Climate Watch,Industrial Processes,All GHG,MtCO₂e,2.13,2.04,2.13,1.87,1.9,1.81,1.8,1.71,1.67,1.6,1.55,1.27,1.22,1.01,0.96,0.91,0.82,0.72,0.53,0.52,0.51,0.67,0.6,0.48,0.38,0.32,0.26,0.34,0.51,0.68,0.57,0.66
SVK,Slovakia,Climate Watch,Industrial Processes,All GHG,MtCO₂e,2.12,2.14,2.15,2.14,2.2,2.22,2.28,2.18,2.07,2.15,2.39,2.45,2.9,3.48,3.38,3.42,2.95,2.93,2.4,2.47,2.57,2.37,2.75,3.0,2.57,2.52,2.46,2.28,1.79,2.33,1.13,1.47
AZE,Azerbaijan,Climate Watch,Manufacturing/Construction,All GHG,MtCO₂e,2.11,2.21,2.16,1.36,1.75,2.8,2.33,2.3,2.2,2.18,1.73,1.44,1.75,2.65,2.28,1.62,1.69,1.9,2.39,3.01,2.2,2.68,2.6,2.14,3.93,4.44,8.58,6.91,7.18,9.15,17.04,16.3
SWE,Sweden,Climate Watch,Industrial Processes,All GHG,MtCO₂e,2.06,2.12,2.28,2.6,2.55,2.69,2.67,2.6,2.57,2.73,2.75,3.01,2.81,3.22,3.23,3.5,3.4,3.29,3.14,3.19,3.16,3.2,3.05,2.97,2.82,2.8,2.89,2.62,2.56,2.51,2.75,2.84
SRB,Serbia,Climate Watch,Industrial Processes,All GHG,MtCO₂e,2.03,1.91,1.87,1.89,1.85,1.85,1.83,1.86,2.0,2.15,2.34,2.4,2.23,2.57,2.48,2.42,2.27,2.14,1.94,2.0,1.9,1.64,1.36,1.67,1.51,1.56,1.28,1.23,1.0,1.4,0.54,0.54
ZWE,Zimbabwe,Climate Watch,Industrial Processes,All GHG,MtCO₂e,1.98,1.9,1.81,1.83,1.68,1.6,1.66,1.52,1.43,1.48,1.24,1.11,1.05,0.91,0.89,0.98,0.92,0.87,0.82,0.89,0.96,1.03,1.01,1.04,1.02,0.96,0.92,0.97,0.47,0.43,0.42,0.36
TGO,Togo,Climate Watch,Industrial Processes,All GHG,MtCO₂e,1.97,1.86,1.84,1.6,1.54,1.52,1.45,1.01,0.98,1.05,1.01,0.87,0.84,0.73,0.83,0.88,0.95,0.91,0.89,0.64,0.53,0.45,0.73,0.46,0.17,0.46,0.43,0.34,0.4,0.38,0.41,0.41
MLI,Mali,Climate Watch,Industrial Processes,All GHG,MtCO₂e,1.95,1.84,1.69,1.4,1.18,1.09,1.0,0.93,0.78,0.53,0.46,0.38,0.35,0.31,0.27,0.23,0.2,0.19,0.18,0.17,0.16,0.15,0.13,0.1,0.09,0.06,0.04,0.03,0.03,0.02,0.02,0.01
LBY,Libya,Climate Watch,Manufacturing/Construction,All GHG,MtCO₂e,1.92,1.38,2.3,2.7,2.75,2.91,3.55,4.86,4.69,2.54,2.51,3.5,4.23,3.66,2.77,2.74,3.84,3.75,3.18,3.16,3.3,3.17,3.03,2.98,3.09,2.71,2.74,2.37,2.03,2.4,2.21,2.09
TTO,Trinidad and Tobago,Climate Watch,Manufacturing/Construction,All GHG,MtCO₂e,1.88,1.69,2.01,1.93,2.07,2.02,2.88,3.37,3.38,3.35,3.28,3.37,2.58,3.04,3.59,2.73,3.1,2.64,2.74,2.48,2.56,2.01,1.87,1.78,1.78,1.65,1.53,1.38,1.2,1.27,1.24,1.71
GTM,Guatemala,Climate Watch,Industrial Processes,All GHG,MtCO₂e,1.84,1.76,1.59,1.62,1.74,1.68,1.77,1.68,1.44,1.38,1.35,1.31,0.78,1.17,1.16,1.11,1.11,1.02,0.93,0.93,0.93,0.9,0.74,0.69,0.59,0.5,0.52,0.54,0.5,0.62,0.64,0.74
BOL,Bolivia,Climate Watch,Industrial Processes,All GHG,MtCO₂e,1.83,1.66,1.91,1.82,1.74,1.71,1.64,1.56,1.42,1.26,1.23,1.11,1.06,0.93,0.84,0.79,0.7,0.63,0.57,0.51,0.5,0.54,0.59,0.56,0.5,0.43,0.42,0.37,0.34,0.31,0.28,0.27
SVN,Slovenia,Climate Watch,Manufacturing/Construction,All GHG,MtCO₂e,1.83,1.79,1.87,1.86,1.75,1.63,1.6,1.64,1.63,1.63,1.7,1.86,1.89,2.21,2.29,2.56,2.38,2.23,2.16,1.86,2.12,2.38,2.0,1.82,1.94,1.87,1.85,1.98,1.76,1.85,2.31,2.63
ZMB,Zambia,Climate Watch,Manufacturing/Construction,All GHG,MtCO₂e,1.83,1.25,1.08,1.6,1.71,1.63,1.64,1.58,1.51,1.58,1.05,0.8,0.84,0.81,0.73,0.75,0.9,0.79,0.85,0.8,0.76,0.72,0.75,1.02,1.06,0.71,0.83,0.92,1.38,1.42,1.4,1.34
FIN,Finland,Climate Watch,Industrial Processes,All GHG,MtCO₂e,1.81,1.84,1.95,2.07,2.17,2.22,2.19,2.17,2.19,2.14,2.14,2.13,2.57,3.53,3.3,3.17,3.25,3.02,2.78,2.66,2.56,2.58,2.39,2.29,2.25,2.1,2.02,1.9,1.75,1.81,2.05,2.44
GAB,Gabon,Climate Watch,Industrial Processes,All GHG,MtCO₂e,1.81,1.72,1.62,1.49,1.33,1.21,1.04,0.94,0.84,0.76,0.68,0.58,0.54,0.49,0.44,0.41,0.36,0.35,0.34,0.32,0.31,0.28,0.24,0.22,0.19,0.15,0.11,0.09,0.08,0.07,0.06,0.05
ZMB,Zambia,Climate Watch,Industrial Processes,All GHG,MtCO₂e,1.79,1.77,1.6,1.66,1.4,1.28,1.15,1.15,1.08,0.94,0.75,0.68,0.57,0.43,0.4,0.39,0.33,0.3,0.28,0.22,0.2,0.26,0.22,0.23,0.24,0.21,0.19,0.18,0.21,0.21,0.21,0.24
PNG,Papua New Guinea,Climate Watch,Manufacturing/Construction,All GHG,MtCO₂e,1.76,1.75,1.81,1.73,1.48,1.46,1.41,1.33,1.28,1.21,1.47,1.47,1.44,1.41,1.37,1.27,1.22,1.29,1.15,1.06,1.06,0.98,0.68,0.63,0.61,0.62,0.6,0.56,0.26,0.27,0.27,0.27
AGO,Angola,Climate Watch,Industrial Processes,All GHG,MtCO₂e,1.73,1.56,1.43,1.47,1.4,1.87,2.36,2.28,1.83,1.39,0.97,0.76,0.85,0.83,0.67,0.65,0.61,0.38,0.36,0.31,0.29,0.15,0.14,0.19,0.16,0.14,0.1,0.11,0.11,0.13,0.12,0.11
GEO,Georgia,Climate Watch,Manufacturing/Construction,All GHG,MtCO₂e,1.73,1.67,1.8,1.99,1.89,1.72,1.85,1.81,1.91,1.09,1.03,0.58,0.64,0.63,0.49,0.43,0.3,0.27,0.36,0.27,0.34,0.66,0.65,0.77,0.95,1.22,0.92,2.15,3.14,4.05,6.82,7.42
PAN,Panama,Climate Watch,Industrial Processes,All GHG,MtCO₂e,1.73,1.64,1.79,1.81,1.84,1.74,1.68,1.68,1.67,1.56,1.27,1.08,1.11,1.13,0.78,0.73,0.69,0.67,0.6,0.52,0.54,0.58,0.47,0.44,0.4,0.35,0.31,0.3,0.28,0.13,0.15,0.14
DNK,Denmark,Climate Watch,Industrial Processes,All GHG,MtCO₂e,1.7,1.75,1.71,1.79,1.87,1.82,1.68,1.69,1.74,1.75,1.82,1.7,1.87,2.4,2.74,2.78,2.81,2.92,3.07,3.0,3.04,3.11,2.91,2.69,2.55,2.53,2.41,2.15,2.07,1.99,1.96,1.83
SLV,El Salvador,Climate Watch,Manufacturing/Construction,All GHG,MtCO₂e,1.68,1.37,1.61,1.41,1.28,1.2,0.95,1.05,0.85,1.31,1.05,0.91,0.81,1.25,1.56,1.35,1.31,1.36,1.2,1.19,1.14,1.09,1.07,1.04,0.95,0.72,0.82,0.8,0.76,0.76,0.58,0.53
BIH,Bosnia and Herzegovina,Climate Watch,Manufacturing/Construction,All GHG,MtCO₂e,1.66,1.41,2.3,2.4,2.19,2.05,2.12,2.02,2.23,1.81,1.79,1.61,1.37,1.28,1.22,1.14,1.07,0.81,0.39,1.5,1.34,1.51,0.43,0.46,0.56,0.35,0.67,0.66,2.74,3.68,5.8,5.94
GIN,Guinea,Climate Watch,Industrial Processes,All GHG,MtCO₂e,1.66,1.57,1.46,1.34,1.23,1.11,1.0,0.9,0.8,0.7,0.6,0.51,0.46,0.41,0.36,0.31,0.26,0.25,0.24,0.23,0.22,0.2,0.17,0.14,0.11,0.08,0.04,0.04,0.03,0.02,0.01,0.0
HRV,Croatia,Climate Watch,Industrial Processes,All GHG,MtCO₂e,1.66,1.69,1.69,1.75,1.85,1.67,1.94,1.93,1.84,2.14,2.28,2.4,2.23,2.67,2.73,2.61,2.5,2.72,2.76,3.02,3.3,3.48,3.81,4.01,4.67,5.08,5.63,5.01,3.94,3.45,1.56,2.04
SDN,Sudan,Climate Watch,Manufacturing/Construction,All GHG,MtCO₂e,1.65,1.84,1.98,1.86,1.73,1.84,1.62,1.58,1.53,2.0,2.14,3.66,2.76,1.69,1.9,1.65,1.08,0.69,0.59,0.54,0.54,0.62,0.71,0.5,0.63,0.24,0.51,0.84,0.07,0.71,0.92,0.74
AZE,Azerbaijan,Climate Watch,Industrial Processes,All GHG,MtCO₂e,1.63,1.54,1.6,1.56,1.39,1.16,1.26,1.32,1.1,1.02,0.81,0.95,0.93,1.06,1.09,1.04,0.98,0.94,0.72,0.63,0.43,0.22,0.19,0.2,0.26,0.2,0.17,0.26,0.31,0.39,0.0,0.0
BEN,Benin,Climate Watch,Industrial Processes,All GHG,MtCO₂e,1.6,1.54,1.45,1.39,1.13,1.04,0.96,0.89,0.81,0.76,0.69,0.62,0.57,0.49,0.48,0.46,0.42,0.4,0.34,0.33,0.16,0.15,0.13,0.1,0.16,0.12,0.11,0.09,0.1,0.09,0.08,0.07
ZWE,Zimbabwe,Climate Watch,Manufacturing/Construction,All GHG,MtCO₂e,1.6,1.42,1.63,1.56,1.26,1.26,1.11,1.06,1.03,1.94,1.48,1.23,0.63,1.4,2.29,2.09,1.61,1.54,2.04,2.23,2.46,2.94,3.13,2.41,2.3,2.52,2.65,2.41,3.9,4.64,5.02,4.78
AGO,Angola,Climate Watch,Manufacturing/Construction,All GHG,MtCO₂e,1.59,1.27,1.52,1.94,1.37,2.49,2.22,1.47,1.64,2.23,2.43,2.35,2.2,2.1,2.28,1.97,1.73,2.11,1.84,1.79,1.63,1.58,1.49,1.31,1.75,1.9,1.81,1.64,2.2,1.72,1.64,1.77
GHA,Ghana,Climate Watch,Industrial Processes,All GHG,MtCO₂e,1.57,1.49,1.38,1.27,1.16,1.06,0.96,0.87,0.77,0.69,0.59,0.49,0.44,0.4,0.35,0.31,0.27,0.27,0.28,0.29,0.28,0.27,0.3,0.27,0.6,0.5,0.47,0.54,0.66,0.66,0.59,0.58
JOR,Jordan,Climate Watch,Manufacturing/Construction,All GHG,MtCO₂e,1.57,1.53,1.58,1.63,1.65,2.17,1.85,2.37,1.91,2.19,2.08,2.31,2.67,2.62,2.97,3.01,2.96,2.61,2.15,2.09,2.07,2.18,1.99,2.0,1.86,1.75,1.74,1.66,1.3,1.3,1.15,1.31
UGA,Uganda,Climate Watch,Manufacturing/Construction,All GHG,MtCO₂e,1.57,1.43,1.44,1.43,1.3,1.25,1.29,1.04,0.95,0.89,0.8,0.77,0.73,0.71,0.78,0.63,0.62,0.47,0.44,0.39,0.31,0.33,0.34,0.32,0.28,0.26,0.24,0.19,0.21,0.19,0.18,0.18
ALB,Albania,Climate Watch,Industrial Processes,All GHG,MtCO₂e,1.53,1.54,1.16,1.18,1.28,1.17,1.27,1.36,1.44,1.35,1.28,1.14,0.86,0.73,0.69,0.46,0.42,0.45,0.45,0.14,0.13,0.22,0.16,0.13,0.12,0.15,0.13,0.1,0.17,0.19,0.42,0.52
URY,Uruguay,Climate Watch,Industrial Processes,All GHG,MtCO₂e,1.53,1.44,1.34,1.3,1.23,1.13,1.12,1.03,0.96,0.91,0.88,0.76,0.81,0.6,0.57,0.53,0.49,0.48,0.65,0.62,0.62,0.47,0.49,0.5,0.44,0.37,0.31,0.36,0.27,0.26,0.26,0.26
SEN,Senegal,Climate Watch,Manufacturing/Construction,All GHG,MtCO₂e,1.52,1.32,0.96,1.15,0.98,1.75,1.65,1.45,1.11,1.11,1.24,0.92,0.94,0.88,0.85,0.6,0.79,0.92,0.59,0.72,0.66,0.5,0.59,0.48,0.39,0.34,0.35,0.3,0.27,0.27,0.25,0.24
TKM,Turkmenistan,Climate Watch,Industrial Processes,All GHG,MtCO₂e,1.49,1.41,1.62,1.76,2.12,2.11,2.05,1.9,1.8,1.68,1.52,1.22,1.17,1.1,1.04,1.0,0.86,0.81,0.76,0.74,0.73,0.72,0.69,0.66,0.63,0.6,0.57,0.64,0.79,0.78,0.32,0.3
CRI,Costa Rica,Climate Watch,Industrial Processes,All GHG,MtCO₂e,1.48,1.44,1.48,1.47,1.42,1.3,1.39,1.3,1.23,1.16,1.1,1.01,1.3,1.27,1.33,0.95,1.17,0.95,0.79,0.81,0.8,0.72,0.73,0.7,0.62,0.56,0.41,0.44,0.4,0.33,0.33,0.29
CIV,Côte d'Ivoire,Climate Watch,Manufacturing/Construction,All GHG,MtCO₂e,1.45,1.28,1.33,1.26,1.56,0.8,1.44,1.33,1.29,1.0,0.92,0.97,1.06,0.57,0.42,0.53,0.38,0.54,0.52,0.69,0.73,0.75,0.76,0.51,0.62,0.53,0.45,0.43,0.43,0.42,0.42,0.4
AFG,Afghanistan,Climate Watch,Industrial Processes,All GHG,MtCO₂e,1.43,1.38,1.21,1.08,0.91,0.79,0.6,0.52,0.47,0.39,0.31,0.25,0.22,0.2,0.18,0.15,0.13,0.12,0.12,0.11,0.1,0.1,0.12,0.11,0.1,0.08,0.07,0.06,0.06,0.06,0.06,0.05
TJK,Tajikistan,Climate Watch,Manufacturing/Construction,All GHG,MtCO₂e,1.41,1.32,1.62,1.59,1.18,0.75,0.06,0.05,0.07,0.1,0.0,0.0,0.0,0.0,0.0,0.0,0.0,0.0,0.0,0.0,0.0,0.0,0.0,0.0,0.0,0.0,0.0,0.0,0.0,0.0,0.0,0.0
GIN,Guinea,Climate Watch,Manufacturing/Construction,All GHG,MtCO₂e,1.4,1.43,1.33,1.18,1.13,0.95,0.95,0.77,0.91,1.18,1.45,1.39,1.09,1.01,1.0,0.94,0.9,0.74,0.71,0.67,0.64,0.61,0.58,0.54,0.52,0.48,0.44,0.4,0.36,0.35,0.32,0.31
PAN,Panama,Climate Watch,Manufacturing/Construction,All GHG,MtCO₂e,1.4,1.29,1.89,1.87,1.87,1.98,2.28,2.51,2.51,2.53,2.03,1.78,1.69,1.22,1.63,1.66,1.87,0.79,0.22,0.68,1.1,0.93,0.84,0.87,0.81,0.94,0.83,0.76,0.7,0.66,0.63,0.52
LKA,Sri Lanka,Climate Watch,Manufacturing/Construction,All GHG,MtCO₂e,1.36,0.93,1.07,1.01,0.86,1.01,1.47,1.14,1.15,1.27,1.14,1.16,1.14,1.2,1.27,1.3,1.32,0.96,1.3,1.0,0.96,0.92,1.08,1.06,0.87,0.79,0.53,0.66,0.7,0.65,0.41,0.45
MWI,Malawi,Climate Watch,Industrial Processes,All GHG,MtCO₂e,1.36,1.24,1.05,0.97,0.9,0.81,0.74,0.74,0.63,0.53,0.46,0.41,0.38,0.34,0.33,0.29,0.26,0.28,0.32,0.29,0.28,0.27,0.25,0.22,0.21,0.2,0.19,0.18,0.18,0.17,0.17,0.15
KGZ,Kyrgyzstan,Climate Watch,Industrial Processes,All GHG,MtCO₂e,1.31,1.02,1.06,1.07,0.84,0.77,0.86,0.99,0.91,0.76,0.65,0.53,0.37,0.58,0.64,0.6,0.52,0.47,0.41,0.32,0.29,0.27,0.24,0.37,0.34,0.28,0.17,0.19,0.29,0.47,0.0,0.0
LTU,Lithuania,Climate Watch,Industrial Processes,All GHG,MtCO₂e,1.3,1.26,1.32,1.3,1.28,1.33,1.32,1.2,1.22,1.33,1.49,1.12,1.15,3.45,3.7,3.01,2.87,2.58,2.3,2.21,2.06,1.91,1.73,1.73,1.41,1.27,1.03,1.03,1.17,1.53,1.04,0.99
LTU,Lithuania,Climate Watch,Manufacturing/Construction,All GHG,MtCO₂e,1.27,1.18,1.29,1.25,1.17,1.15,1.18,1.31,1.41,1.47,1.37,1.27,1.18,1.47,1.62,1.62,1.51,1.23,1.14,1.12,1.05,1.08,1.19,1.53,1.56,1.53,1.74,2.04,1.99,3.04,6.2,6.14
MDG,Madagascar,Climate Watch,Industrial Processes,All GHG,MtCO₂e,1.26,1.19,1.1,1.02,0.96,0.86,0.78,0.71,0.67,0.6,0.51,0.43,0.39,0.36,0.36,0.28,0.25,0.25,0.25,0.18,0.18,0.17,0.14,0.12,0.09,0.07,0.05,0.04,0.05,0.04,0.03,0.03
YEM,Yemen,Climate Watch,Industrial Processes,All GHG,MtCO₂e,1.25,1.12,1.14,1.09,1.06,0.84,1.19,1.41,1.43,1.22,1.24,0.9,0.97,0.94,0.79,0.66,0.65,0.65,0.65,0.66,0.63,0.59,0.61,0.51,0.52,0.43,0.45,0.34,0.34,0.34,0.36,0.35
CRI,Costa Rica,Climate Watch,Manufacturing/Construction,All GHG,MtCO₂e,1.24,1.13,1.0,1.22,1.31,1.24,1.07,1.08,1.09,1.14,1.16,1.06,1.07,1.2,1.25,1.03,1.0,0.95,0.98,0.75,0.92,0.87,0.81,0.77,0.72,0.67,0.68,0.66,0.58,0.56,0.67,0.7
ALB,Albania,Climate Watch,Manufacturing/Construction,All GHG,MtCO₂e,1.21,0.99,0.92,1.29,1.1,0.61,0.68,0.92,0.59,0.65,1.12,1.04,0.78,0.5,0.64,0.68,0.45,0.55,0.51,0.43,0.54,0.48,0.49,0.4,0.24,0.46,0.49,0.47,0.54,0.76,1.42,2.15
CYP,Cyprus,Climate Watch,Industrial Processes,All GHG,MtCO₂e,1.14,1.16,1.09,1.17,1.26,1.24,1.24,1.32,1.09,0.84,0.86,0.84,0.93,1.05,1.01,1.0,0.93,0.94,0.86,0.87,0.83,0.84,0.81,0.8,0.83,0.86,0.8,0.83,0.79,0.73,0.67,0.71
MKD,Macedonia,Climate Watch,Manufacturing/Construction,All GHG,MtCO₂e,1.13,1.07,1.07,0.94,0.88,1.04,1.06,1.14,1.27,1.38,1.45,1.25,0.97,1.53,1.63,1.42,1.35,0.92,1.12,0.86,0.9,1.05,0.89,1.25,0.92,1.16,0.88,0.9,1.12,1.37,1.42,1.64
KHM,Cambodia,Climate Watch,Manufacturing/Construction,All GHG,MtCO₂e,1.12,1.08,0.93,0.87,0.9,0.8,0.5,0.59,0.69,0.73,0.72,0.71,0.22,0.2,0.2,0.19,0.18,0.15,0.14,0.13,0.12,0.12,0.1,0.1,0.08,0.08,0.06,N/A,N/A,N/A,N/A,N/A
JAM,Jamaica,Climate Watch,Manufacturing/Construction,All GHG,MtCO₂e,1.11,1.22,2.33,2.83,1.82,2.23,2.11,2.34,2.52,1.9,1.98,1.64,1.95,4.02,5.14,5.18,3.26,3.16,1.94,1.92,2.03,2.0,1.95,1.81,1.69,1.76,1.44,2.64,1.82,2.92,3.91,3.77
GNQ,Equatorial Guinea,Climate Watch,Manufacturing/Construction,All GHG,MtCO₂e,1.1,1.04,1.13,1.1,1.15,1.24,1.06,1.25,1.25,1.21,1.17,1.2,1.11,1.94,2.64,2.21,2.27,2.25,0.3,0.27,0.09,0.1,0.06,0.07,0.04,0.03,0.02,0.02,0.01,0.01,0.01,0.01
YEM,Yemen,Climate Watch,Manufacturing/Construction,All GHG,MtCO₂e,1.09,1.11,1.29,1.28,0.84,0.9,1.24,3.4,3.43,2.28,2.63,3.04,3.1,3.23,2.9,2.64,2.7,2.53,2.39,1.49,1.27,1.14,0.98,0.84,0.72,0.62,0.53,0.0,0.0,0.0,0.0,0.0
CUB,Cuba,Climate Watch,Industrial Processes,All GHG,MtCO₂e,1.07,1.13,1.26,1.31,1.19,1.18,1.14,1.15,1.32,1.32,1.27,1.22,1.3,1.33,1.4,1.35,1.26,1.12,1.1,1.15,0.95,0.95,1.03,0.98,1.05,0.82,0.81,0.68,0.86,1.13,1.69,2.58
TCD,Chad,Climate Watch,Industrial Processes,All GHG,MtCO₂e,1.07,0.98,0.92,0.85,0.78,0.68,0.61,0.55,0.49,0.42,0.32,0.27,0.24,0.21,0.19,0.16,0.14,0.13,0.12,0.12,0.11,0.11,0.09,0.07,0.06,0.04,0.02,0.02,0.01,0.01,0.01,0.0
URY,Uruguay,Climate Watch,Manufacturing/Construction,All GHG,MtCO₂e,1.06,0.95,0.96,1.03,0.94,1.0,0.92,0.92,0.8,0.71,0.72,0.65,0.7,0.75,0.67,0.61,0.64,0.63,0.6,0.57,0.64,0.72,0.81,0.83,0.82,0.69,0.52,0.51,0.56,0.61,0.6,0.58
COG,Republic of Congo,Climate Watch,Industrial Processes,All GHG,MtCO₂e,1.05,0.93,0.93,0.87,0.95,0.86,0.72,0.58,0.45,0.37,0.3,0.26,0.25,0.22,0.2,0.18,0.16,0.11,0.11,0.1,0.1,0.1,0.08,0.06,0.06,0.05,0.06,0.05,0.06,0.06,0.05,0.04
NIC,Nicaragua,Climate Watch,Industrial Processes,All GHG,MtCO₂e,0.95,0.91,0.89,0.89,0.88,0.84,0.77,0.71,0.65,0.59,0.58,0.5,0.45,0.42,0.4,0.38,0.35,0.34,0.49,0.34,0.32,0.32,0.23,0.22,0.21,0.19,0.16,0.15,0.13,0.13,0.11,0.1
LUX,Luxembourg,Climate Watch,Manufacturing/Construction,All GHG,MtCO₂e,0.94,0.93,1.01,0.99,0.97,0.97,0.97,1.0,1.01,1.06,1.09,1.12,1.04,1.22,1.27,1.37,1.28,1.29,1.14,1.26,1.45,1.31,1.55,1.5,2.15,2.55,2.57,4.01,4.51,4.24,4.67,5.1
LAO,Laos,Climate Watch,Manufacturing/Construction,All GHG,MtCO₂e,0.93,0.65,0.68,0.64,0.56,0.53,1.64,1.27,1.42,1.02,1.04,0.9,0.65,0.55,0.41,0.42,0.15,0.15,0.12,0.12,0.09,0.09,N/A,N/A,N/A,N/A,N/A,N/A,N/A,N/A,N/A,N/A
MNG,Mongolia,Climate Watch,Industrial Processes,All GHG,MtCO₂e,0.93,0.86,0.78,0.67,0.52,0.38,0.33,0.32,0.22,0.26,0.25,0.25,0.17,0.19,0.17,0.14,0.12,0.1,0.1,0.09,0.06,0.06,0.06,0.06,0.06,0.06,0.05,0.05,0.04,0.07,0.1,0.15
NAM,Namibia,Climate Watch,Industrial Processes,All GHG,MtCO₂e,0.87,0.82,0.85,0.79,0.68,0.52,0.56,0.51,0.46,0.39,0.29,0.12,0.11,0.1,0.09,0.08,0.07,0.07,0.06,0.06,0.05,0.05,0.04,0.03,0.03,0.02,0.01,0.01,0.01,0.01,0.01,0.0
MDA,Moldova,Climate Watch,Manufacturing/Construction,All GHG,MtCO₂e,0.85,0.81,1.13,1.08,0.96,0.78,0.77,0.9,0.8,1.07,1.04,0.96,0.59,0.7,0.86,0.74,1.01,0.65,0.56,0.52,0.5,0.5,0.46,0.61,0.73,0.7,0.99,1.0,1.25,1.2,2.17,2.06
NER,Niger,Climate Watch,Industrial Processes,All GHG,MtCO₂e,0.85,0.8,0.75,0.69,0.62,0.56,0.51,0.46,0.41,0.37,0.32,0.25,0.23,0.21,0.19,0.16,0.13,0.13,0.13,0.12,0.12,0.11,0.1,0.08,0.06,0.05,0.03,0.03,0.02,0.02,0.01,0.01
SLV,El Salvador,Climate Watch,Industrial Processes,All GHG,MtCO₂e,0.84,0.79,0.87,0.77,0.68,0.64,0.66,0.64,0.7,0.74,0.7,0.67,0.63,0.65,0.64,0.64,0.56,0.61,0.66,0.63,0.56,0.51,0.49,0.5,0.47,0.43,0.4,0.38,0.39,0.19,0.31,0.29
HND,Honduras,Climate Watch,Manufacturing/Construction,All GHG,MtCO₂e,0.83,0.83,1.17,1.18,1.25,1.24,1.98,1.51,2.35,2.97,2.57,1.84,1.75,1.88,1.93,2.02,1.74,1.76,1.46,1.22,1.22,1.07,1.03,0.81,0.74,0.94,0.77,0.8,0.79,0.81,0.78,0.78
SVN,Slovenia,Climate Watch,Industrial Processes,All GHG,MtCO₂e,0.8,0.82,0.85,0.84,0.83,0.79,0.8,0.82,0.78,0.71,0.67,0.68,0.73,0.89,0.92,0.9,0.85,0.8,0.75,0.71,0.75,0.73,0.68,0.67,0.65,0.63,0.6,0.57,0.47,0.56,0.19,0.26
MOZ,Mozambique,Climate Watch,Manufacturing/Construction,All GHG,MtCO₂e,0.79,0.72,0.94,0.88,0.83,0.76,0.65,0.77,0.71,0.55,0.61,0.47,0.47,0.4,0.37,0.3,0.27,0.31,0.31,0.24,0.22,0.08,0.18,0.17,0.1,0.07,0.24,0.24,0.23,0.19,0.17,0.17
JAM,Jamaica,Climate Watch,Industrial Processes,All GHG,MtCO₂e,0.78,0.74,0.67,0.63,0.65,0.67,0.67,0.64,0.57,0.52,0.49,0.47,0.52,0.42,0.39,0.42,0.38,0.41,0.4,0.35,0.34,0.34,0.3,0.31,0.28,0.3,0.29,0.25,0.25,0.26,0.21,0.24
LVA,Latvia,Climate Watch,Industrial Processes,All GHG,MtCO₂e,0.73,0.76,0.78,0.79,0.69,0.62,0.72,0.8,0.76,0.78,0.76,0.63,0.36,0.34,0.31,0.28,0.21,0.2,0.18,0.16,0.15,0.12,0.17,0.13,0.13,0.13,0.12,0.1,0.04,0.16,0.02,0.02
BFA,Burkina Faso,Climate Watch,Manufacturing/Construction,All GHG,MtCO₂e,0.7,0.65,0.63,0.11,0.06,0.14,0.07,0.05,0.13,0.1,0.14,0.2,0.0,0.0,0.0,0.0,0.0,0.07,0.06,0.05,0.05,0.05,0.04,0.05,0.04,0.04,0.03,0.1,0.07,0.05,0.05,0.05
LVA,Latvia,Climate Watch,Manufacturing/Construction,All GHG,MtCO₂e,0.7,0.72,0.71,0.79,0.65,0.67,0.79,0.88,0.92,1.1,1.06,1.17,0.89,1.11,1.21,1.19,1.13,1.12,1.1,1.05,1.01,1.04,1.19,1.32,1.42,1.25,1.37,1.44,1.58,1.59,1.85,2.57
MDA,Moldova,Climate Watch,Industrial Processes,All GHG,MtCO₂e,0.7,0.69,0.74,0.7,0.65,0.56,0.58,0.6,0.62,0.58,0.57,0.5,0.48,0.92,0.82,0.56,0.46,0.37,0.32,0.29,0.24,0.23,0.26,0.26,0.31,0.23,0.28,0.33,0.41,0.48,0.0,0.0
BRN,Brunei,Climate Watch,Industrial Processes,All GHG,MtCO₂e,0.69,0.65,0.58,0.5,0.43,0.35,0.28,0.25,0.22,0.19,0.16,0.13,0.12,0.1,0.09,0.08,0.07,0.07,0.06,0.06,0.05,0.05,0.04,0.04,0.03,0.02,0.01,0.01,0.01,0.01,0.01,0.01
ARM,Armenia,Climate Watch,Industrial Processes,All GHG,MtCO₂e,0.68,0.59,0.54,0.53,0.43,0.4,0.5,0.5,0.52,0.53,0.52,0.54,0.48,0.63,0.61,0.52,0.5,0.45,0.36,0.34,0.26,0.24,0.26,0.28,0.22,0.12,0.1,0.05,0.07,0.11,0.0,0.0
GAB,Gabon,Climate Watch,Manufacturing/Construction,All GHG,MtCO₂e,0.66,0.67,0.72,0.71,0.71,1.4,1.39,1.41,1.46,1.22,1.19,1.17,1.0,0.88,0.7,0.78,0.67,0.44,0.42,0.39,0.55,0.54,0.5,0.54,0.53,0.48,0.46,0.43,0.32,0.29,0.21,0.15
TKM,Turkmenistan,Climate Watch,Manufacturing/Construction,All GHG,MtCO₂e,0.66,0.66,0.66,0.66,0.66,0.66,0.66,0.66,1.03,1.68,1.81,1.53,1.48,1.05,0.8,0.82,0.78,0.81,0.59,0.38,0.53,0.65,0.64,0.52,0.55,0.54,0.67,0.64,0.47,0.33,0.66,0.73
UGA,Uganda,Climate Watch,Industrial Processes,All GHG,MtCO₂e,0.65,0.58,0.48,0.4,0.4,0.39,0.37,0.41,0.38,0.45,0.41,0.34,0.22,0.2,0.16,0.18,0.18,0.16,0.15,0.15,0.13,0.11,0.11,0.1,0.09,0.08,0.03,0.02,0.02,0.02,0.02,0.01
LBN,Lebanon,Climate Watch,Manufacturing/Construction,All GHG,MtCO₂e,0.64,0.53,0.87,1.15,1.16,1.09,1.2,1.19,0.99,1.13,1.16,0.82,1.14,0.96,0.53,0.79,1.82,1.84,1.53,1.12,1.73,1.2,1.49,0.99,1.38,1.08,1.4,1.01,0.61,0.34,0.56,0.33
GUY,Guyana,Climate Watch,Manufacturing/Construction,All GHG,MtCO₂e,0.63,0.5,0.4,0.32,0.29,0.34,0.21,0.22,0.21,0.24,0.17,0.14,0.13,0.2,0.21,0.11,0.14,0.21,0.21,0.4,0.41,0.43,0.42,0.51,0.48,0.44,0.45,0.43,0.39,0.36,0.39,0.38
BWA,Botswana,Climate Watch,Manufacturing/Construction,All GHG,MtCO₂e,0.6,0.57,0.65,0.69,0.63,0.61,0.68,0.78,0.75,0.67,0.58,0.55,0.99,1.16,1.22,0.98,0.93,0.65,0.9,1.08,0.94,0.86,0.85,0.96,0.55,0.55,0.4,0.48,0.64,0.69,0.49,0.5
HTI,Haiti,Climate Watch,Manufacturing/Construction,All GHG,MtCO₂e,0.6,0.62,0.64,0.63,0.62,0.61,0.6,0.68,0.49,0.36,0.56,0.54,0.47,0.52,0.52,0.4,0.39,0.37,0.44,0.46,0.26,0.26,0.36,0.32,0.26,0.16,0.15,0.03,0.14,0.23,0.23,0.19
BIH,Bosnia and Herzegovina,Climate Watch,Industrial Processes,All GHG,MtCO₂e,0.59,0.59,0.53,0.56,0.53,0.51,0.5,0.52,0.55,0.53,0.56,0.59,0.62,0.75,0.71,0.69,0.61,0.63,0.58,0.6,0.54,0.52,0.35,0.31,0.23,0.16,0.15,0.17,0.17,0.2,0.17,0.21
MUS,Mauritius,Climate Watch,Industrial Processes,All GHG,MtCO₂e,0.59,0.56,0.53,0.49,0.45,0.41,0.37,0.35,0.33,0.3,0.28,0.26,0.24,0.23,0.22,0.2,0.19,0.19,0.18,0.17,0.15,0.26,0.16,0.14,0.13,0.11,0.1,0.1,0.09,0.09,0.08,0.08
ATG,Antigua and Barbuda,Climate Watch,Industrial Processes,All GHG,MtCO₂e,0.57,0.51,0.49,0.46,0.44,0.41,0.39,0.38,0.37,0.36,0.35,0.34,0.31,0.27,0.23,0.2,0.16,0.15,0.13,0.11,0.1,0.08,0.07,0.05,0.04,0.03,0.02,0.01,0.01,0.01,0.0,0.0
LBR,Liberia,Climate Watch,Industrial Processes,All GHG,MtCO₂e,0.57,0.5,0.45,0.42,0.38,0.33,0.33,0.31,0.25,0.2,0.16,0.14,0.13,0.12,0.14,0.13,0.11,0.1,0.06,0.07,0.07,0.07,0.04,0.03,0.03,0.02,0.01,0.01,0.01,0.01,0.0,0.02
CYP,Cyprus,Climate Watch,Manufacturing/Construction,All GHG,MtCO₂e,0.56,0.59,0.57,0.56,0.63,0.61,0.62,0.69,0.54,0.47,0.57,0.68,0.78,0.9,0.91,0.89,1.01,1.41,1.38,1.34,1.35,1.41,1.37,1.33,1.3,1.38,1.24,1.22,1.2,1.13,1.3,0.8
MDG,Madagascar,Climate Watch,Manufacturing/Construction,All GHG,MtCO₂e,0.56,0.31,0.66,0.51,0.56,0.56,0.65,0.62,0.6,0.55,0.34,0.34,0.3,0.31,0.29,0.3,0.35,0.29,0.27,0.22,0.33,0.27,0.29,0.29,0.26,0.26,0.22,0.0,0.01,0.01,0.01,0.01
KGZ,Kyrgyzstan,Climate Watch,Manufacturing/Construction,All GHG,MtCO₂e,0.54,0.46,0.84,1.14,0.8,0.83,1.78,1.41,0.74,1.53,0.57,0.65,0.43,1.05,0.97,0.73,0.74,1.6,1.69,1.5,0.62,0.84,1.16,1.18,1.06,1.01,0.56,2.67,2.94,3.41,7.61,8.51
NIC,Nicaragua,Climate Watch,Manufacturing/Construction,All GHG,MtCO₂e,0.54,0.51,0.6,0.6,0.64,0.62,0.59,0.54,0.52,0.55,0.53,0.52,0.48,0.69,0.72,0.72,0.71,0.78,0.7,0.52,0.43,0.4,0.4,0.35,0.36,0.3,0.29,0.32,0.24,0.26,0.25,0.33
BDI,Burundi,Climate Watch,Industrial Processes,All GHG,MtCO₂e,0.53,0.5,0.46,0.42,0.39,0.35,0.31,0.28,0.25,0.22,0.19,0.16,0.14,0.13,0.11,0.1,0.08,0.08,0.07,0.07,0.07,0.06,0.05,0.04,0.03,0.02,0.01,0.01,0.01,0.01,0.0,0.0
BEN,Benin,Climate Watch,Manufacturing/Construction,All GHG,MtCO₂e,0.53,0.53,0.5,0.12,0.33,0.4,0.4,0.47,0.25,0.16,0.17,0.15,0.15,0.12,0.14,0.13,0.14,0.15,0.14,0.15,0.15,0.16,0.16,0.14,0.18,0.15,0.03,0.02,0.03,0.03,0.02,0.03
ARM,Armenia,Climate Watch,Manufacturing/Construction,All GHG,MtCO₂e,0.52,0.45,0.44,0.47,0.45,0.4,0.41,0.57,0.66,0.67,0.6,0.52,0.96,1.35,1.17,1.44,1.36,1.1,0.99,0.8,0.8,0.72,1.03,0.97,0.85,0.45,0.51,0.64,2.01,1.38,4.0,3.81
HTI,Haiti,Climate Watch,Industrial Processes,All GHG,MtCO₂e,0.5,0.44,0.41,0.39,0.36,0.3,0.28,0.27,0.22,0.2,0.18,0.27,0.25,0.24,0.22,0.21,0.2,0.19,0.18,0.17,0.13,0.03,0.03,0.02,0.02,0.01,0.01,0.01,0.05,0.09,0.11,0.09
RWA,Rwanda,Climate Watch,Industrial Processes,All GHG,MtCO₂e,0.5,0.42,0.39,0.36,0.33,0.29,0.23,0.19,0.16,0.15,0.13,0.12,0.11,0.1,0.1,0.09,0.08,0.08,0.08,0.08,0.07,0.06,0.05,0.05,0.04,0.03,0.01,0.01,0.03,0.03,0.03,0.03
BTN,Bhutan,Climate Watch,Industrial Processes,All GHG,MtCO₂e,0.49,0.37,0.5,0.53,0.48,0.5,0.42,0.37,0.31,0.28,0.29,0.12,0.11,0.1,0.1,0.1,0.09,0.09,0.08,0.08,0.08,0.08,0.08,0.08,0.08,0.08,0.07,0.06,0.05,0.06,0.06,0.06
MDV,Maldives,Climate Watch,Industrial Processes,All GHG,MtCO₂e,0.42,0.39,0.35,0.3,0.26,0.21,0.17,0.15,0.13,0.11,0.09,0.07,0.06,0.05,0.05,0.04,0.03,0.03,0.03,0.03,0.03,0.03,0.02,0.02,0.01,0.01,0.01,0.0,0.0,0.0,0.0,0.0
GNQ,Equatorial Guinea,Climate Watch,Industrial Processes,All GHG,MtCO₂e,0.4,0.38,0.35,0.32,0.3,0.27,0.24,0.22,0.19,0.17,0.15,0.12,0.11,0.1,0.09,0.07,0.06,0.06,0.06,0.05,0.05,0.05,0.04,0.03,0.03,0.02,0.01,0.01,0.01,0.0,0.0,0.0
LUX,Luxembourg,Climate Watch,Industrial Processes,All GHG,MtCO₂e,0.4,0.45,0.45,0.43,0.43,0.42,0.4,0.43,0.44,0.44,0.45,0.43,0.42,0.44,0.46,0.46,0.46,0.47,0.43,0.49,0.47,0.53,0.5,0.48,0.47,0.46,0.46,0.51,0.46,0.54,0.52,0.55
BRN,Brunei,Climate Watch,Manufacturing/Construction,All GHG,MtCO₂e,0.39,0.37,0.41,0.38,0.43,0.32,0.42,0.34,0.42,0.54,0.47,0.44,0.97,1.93,1.85,1.9,0.12,0.12,0.13,0.13,0.12,0.14,0.17,0.2,0.27,0.23,0.2,0.19,0.17,0.17,0.14,0.13
PNG,Papua New Guinea,Climate Watch,Industrial Processes,All GHG,MtCO₂e,0.37,0.35,0.31,0.27,0.23,0.19,0.15,0.14,0.12,0.11,0.09,0.07,0.07,0.06,0.06,0.05,0.05,0.04,0.04,0.04,0.03,0.03,0.02,0.02,0.02,0.01,0.01,0.01,0.01,0.01,0.01,0.01
EST,Estonia,Climate Watch,Manufacturing/Construction,All GHG,MtCO₂e,0.35,0.47,0.73,0.67,0.64,0.69,0.67,0.82,1.07,0.83,0.85,0.79,0.75,1.18,1.31,1.03,1.04,0.98,0.97,0.83,1.15,0.96,0.9,1.29,1.45,1.7,1.61,1.59,1.89,2.04,3.5,3.62
BRB,Barbados,Climate Watch,Manufacturing/Construction,All GHG,MtCO₂e,0.34,0.28,0.54,0.41,0.48,0.44,0.46,0.48,0.46,0.42,0.5,0.46,0.49,0.57,0.51,0.48,0.51,0.52,0.52,0.52,0.55,0.69,0.57,0.55,0.6,0.48,0.43,0.4,0.3,0.33,0.43,0.44
ISL,Iceland,Climate Watch,Industrial Processes,All GHG,MtCO₂e,0.34,0.33,0.32,0.31,0.3,0.29,0.32,0.29,0.28,0.28,0.25,0.34,0.33,0.57,0.48,0.53,0.16,0.16,0.17,0.18,0.22,0.27,0.32,0.32,0.18,0.1,0.12,0.1,0.14,0.24,0.47,0.56
SOM,Somalia,Climate Watch,Industrial Processes,All GHG,MtCO₂e,0.34,0.31,0.29,0.28,0.26,0.25,0.23,0.22,0.22,0.21,0.21,0.2,0.18,0.16,0.14,0.11,0.09,0.08,0.07,0.06,0.05,0.04,0.1,0.16,0.22,0.28,0.34,0.28,0.21,0.15,0.07,0.02
BHS,Bahamas,Climate Watch,Manufacturing/Construction,All GHG,MtCO₂e,0.33,0.27,0.28,0.34,0.45,0.18,0.24,0.21,0.21,0.2,0.2,0.16,0.15,0.11,0.15,0.16,0.28,0.42,0.43,0.46,0.49,0.58,0.58,0.58,0.27,0.57,0.58,0.56,0.55,0.59,0.65,0.66
MNE,Montenegro,Climate Watch,Industrial Processes,All GHG,MtCO₂e,0.32,0.3,0.3,0.29,0.28,0.28,0.27,0.32,0.38,0.43,0.49,0.54,0.68,0.85,1.01,1.18,1.34,1.52,1.7,1.68,1.66,1.64,1.62,1.6,1.58,1.56,1.54,1.52,1.5,1.48,1.46,1.44
MUS,Mauritius,Climate Watch,Manufacturing/Construction,All GHG,MtCO₂e,0.31,0.32,0.33,0.33,0.33,0.33,0.34,0.33,0.32,0.34,0.34,0.36,0.37,0.44,0.41,0.41,0.35,0.37,0.39,0.39,0.4,0.37,0.33,0.29,0.26,0.26,0.26,0.25,0.28,0.21,0.21,0.18
PRY,Paraguay,Climate Watch,Manufacturing/Construction,All GHG,MtCO₂e,0.31,0.28,0.31,0.33,0.3,0.31,0.42,0.27,0.21,0.35,0.23,0.25,0.24,0.2,0.2,0.27,0.33,0.29,0.25,0.33,0.34,0.36,0.38,0.43,0.41,0.4,0.38,0.43,0.23,0.34,0.27,0.22
SWZ,Eswatini,Climate Watch,Manufacturing/Construction,All GHG,MtCO₂e,0.3,0.27,0.28,0.31,0.31,0.33,0.25,0.15,0.14,0.15,0.12,0.13,0.19,0.24,0.23,0.22,0.22,0.24,0.25,0.33,0.39,0.34,0.53,0.5,0.5,0.61,0.73,0.72,0.16,0.15,0.26,0.26
RWA,Rwanda,Climate Watch,Manufacturing/Construction,All GHG,MtCO₂e,0.29,0.29,0.3,0.32,0.2,0.17,0.14,0.11,0.11,0.11,0.09,0.09,0.06,0.06,0.06,0.07,0.07,0.06,0.06,0.07,0.07,0.07,0.06,0.06,0.06,0.06,0.06,0.06,0.07,0.09,0.09,0.11
BRB,Barbados,Climate Watch,Industrial Processes,All GHG,MtCO₂e,0.28,0.24,0.26,0.25,0.24,0.19,0.18,0.17,0.16,0.16,0.17,0.16,0.17,0.19,0.19,0.19,0.19,0.18,0.18,0.17,0.15,0.15,0.14,0.14,0.1,0.06,0.04,0.04,0.04,0.09,0.1,0.1
NAM,Namibia,Climate Watch,Manufacturing/Construction,All GHG,MtCO₂e,0.28,0.28,0.3,0.3,0.3,0.3,0.3,0.29,0.28,0.26,0.25,0.23,0.22,0.22,0.22,0.21,0.2,0.22,0.21,0.2,0.23,0.16,0.16,0.18,0.18,0.18,0.0,0.0,0.0,0.0,0.0,N/A
NER,Niger,Climate Watch,Manufacturing/Construction,All GHG,MtCO₂e,0.28,0.2,0.18,0.14,0.17,0.14,0.2,0.28,0.25,0.3,0.21,0.21,0.16,0.11,0.09,0.07,0.06,0.07,0.07,0.05,0.05,0.04,0.1,0.1,0.1,0.07,0.03,0.04,0.06,0.04,0.04,0.05
CMR,Cameroon,Climate Watch,Manufacturing/Construction,All GHG,MtCO₂e,0.27,0.26,0.26,0.25,0.24,0.23,0.22,0.43,0.41,0.39,0.38,0.37,0.39,0.31,0.29,0.23,0.18,0.2,0.2,0.21,0.2,0.2,0.18,0.15,0.16,0.16,0.16,0.14,0.15,0.14,0.15,0.17
GUY,Guyana,Climate Watch,Industrial Processes,All GHG,MtCO₂e,0.26,0.26,0.25,0.25,0.24,0.23,0.1,0.06,0.05,0.05,0.04,0.03,0.03,0.03,0.02,0.02,0.02,0.02,0.02,0.02,0.02,0.01,0.01,0.01,0.01,0.01,0.0,0.0,0.0,0.0,0.0,0.0
MWI,Malawi,Climate Watch,Manufacturing/Construction,All GHG,MtCO₂e,0.26,0.16,0.16,0.16,0.15,0.15,0.16,0.14,0.14,0.13,0.15,0.1,0.07,0.07,0.09,0.09,0.09,0.08,0.08,0.14,0.2,0.19,0.19,0.18,0.18,0.18,0.17,0.17,0.16,0.16,0.15,0.17
MLI,Mali,Climate Watch,Manufacturing/Construction,All GHG,MtCO₂e,0.23,0.22,0.22,0.21,0.2,0.44,0.08,0.04,0.0,0.0,0.0,0.0,0.0,0.0,0.0,0.0,0.01,0.01,0.0,0.01,0.01,0.0,N/A,N/A,N/A,N/A,N/A,N/A,N/A,N/A,N/A,N/A
TCD,Chad,Climate Watch,Manufacturing/Construction,All GHG,MtCO₂e,0.23,0.23,0.25,0.23,0.24,0.19,0.22,0.23,0.22,0.19,0.07,0.05,0.05,0.03,0.03,0.03,0.04,0.03,0.03,0.03,0.02,0.02,0.0,0.0,0.0,0.0,0.0,0.0,0.0,0.0,0.0,0.0
BWA,Botswana,Climate Watch,Industrial Processes,All GHG,MtCO₂e,0.22,0.21,0.2,0.18,0.18,0.16,0.15,0.14,0.12,0.11,0.1,0.18,0.17,0.07,0.06,0.05,0.05,0.04,0.04,0.04,0.03,0.03,0.03,0.02,0.02,0.01,0.01,0.01,0.01,0.01,0.01,0.01
MNE,Montenegro,Climate Watch,Manufacturing/Construction,All GHG,MtCO₂e,0.22,0.2,0.21,0.2,0.21,0.17,0.18,0.18,0.2,0.12,0.1,0.12,0.26,0.52,0.45,0.34,0.37,N/A,N/A,N/A,N/A,N/A,N/A,N/A,N/A,N/A,N/A,N/A,N/A,N/A,N/A,N/A
BTN,Bhutan,Climate Watch,Manufacturing/Construction,All GHG,MtCO₂e,0.2,0.18,0.4,0.4,0.35,0.29,0.2,0.23,0.18,0.13,0.09,0.07,0.05,0.1,0.07,0.08,0.09,0.02,0.1,0.16,0.13,0.16,0.16,0.17,0.18,0.09,0.07,0.06,0.04,0.07,0.04,0.04
GNB,Guinea-Bissau,Climate Watch,Industrial Processes,All GHG,MtCO₂e,0.2,0.19,0.18,0.16,0.15,0.13,0.12,0.11,0.1,0.08,0.07,0.06,0.06,0.05,0.04,0.04,0.03,0.03,0.03,0.03,0.03,0.02,0.02,0.02,0.01,0.01,0.01,0.0,0.0,0.0,0.0,0.0
DJI,Djibouti,Climate Watch,Industrial Processes,All GHG,MtCO₂e,0.19,0.14,0.14,0.13,0.1,0.08,0.09,0.09,0.08,0.02,0.02,0.02,0.02,0.01,0.01,0.01,0.01,0.01,0.01,0.01,0.01,0.01,0.01,0.0,0.0,0.0,0.0,0.0,0.0,0.0,0.0,0.0
MLT,Malta,Climate Watch,Industrial Processes,All GHG,MtCO₂e,0.19,0.2,0.21,0.23,0.24,0.26,0.25,0.23,0.22,0.2,0.18,0.15,0.14,0.12,0.1,0.08,0.05,0.03,0.02,0.02,0.02,0.01,0.0,0.0,0.0,0.0,0.0,0.0,0.0,0.0,0.0,0.0
SLE,Sierra Leone,Climate Watch,Industrial Processes,All GHG,MtCO₂e,0.19,0.18,0.17,0.16,0.14,0.13,0.12,0.11,0.09,0.08,0.07,0.06,0.05,0.05,0.04,0.04,0.03,0.03,0.03,0.03,0.03,0.02,0.02,0.02,0.01,0.01,0.01,0.0,0.0,0.0,0.0,0.0
FJI,Fiji,Climate Watch,Manufacturing/Construction,All GHG,MtCO₂e,0.18,0.18,0.25,0.24,0.24,0.19,0.23,0.19,0.2,0.21,0.21,0.23,0.15,0.19,0.29,0.25,0.24,0.35,0.17,0.13,0.15,0.13,0.12,0.12,0.13,0.12,0.12,0.12,0.12,0.11,0.1,0.09
SLB,Solomon Islands,Climate Watch,Industrial Processes,All GHG,MtCO₂e,0.18,0.17,0.15,0.13,0.11,0.09,0.07,0.06,0.06,0.05,0.04,0.03,0.03,0.02,0.02,0.02,0.02,0.01,0.01,0.01,0.01,0.01,0.01,0.01,0.01,0.0,0.0,0.0,0.0,0.0,0.0,0.0
BLZ,Belize,Climate Watch,Industrial Processes,All GHG,MtCO₂e,0.17,0.17,0.16,0.15,0.13,0.12,0.11,0.1,0.09,0.08,0.07,0.06,0.05,0.05,0.04,0.04,0.03,0.03,0.03,0.02,0.02,0.02,0.02,0.01,0.01,0.01,0.0,0.0,0.0,0.0,0.0,0.0
EST,Estonia,Climate Watch,Industrial Processes,All GHG,MtCO₂e,0.17,0.2,0.49,0.51,0.53,0.43,0.43,0.64,0.61,0.61,0.61,0.49,0.42,0.76,0.77,0.57,0.51,0.49,0.45,0.46,0.48,0.46,0.43,0.46,0.44,0.4,0.38,0.36,0.25,0.34,0.01,0.01
LSO,Lesotho,Climate Watch,Industrial Processes,All GHG,MtCO₂e,0.17,0.17,0.15,0.14,0.13,0.12,0.11,0.1,0.09,0.08,0.07,0.06,0.05,0.05,0.04,0.03,0.03,0.03,0.03,0.02,0.02,0.02,0.02,0.02,0.01,0.01,0.01,0.0,0.0,0.0,0.0,0.0
TGO,Togo,Climate Watch,Manufacturing/Construction,All GHG,MtCO₂e,0.17,0.16,0.16,0.11,0.03,0.12,0.03,0.29,0.27,0.15,0.2,0.23,0.15,0.07,0.04,0.08,0.09,0.17,0.15,0.2,0.21,0.27,0.3,0.12,0.1,0.16,0.07,0.11,0.0,0.01,0.06,0.03
ERI,Eritrea,Climate Watch,Industrial Processes,All GHG,MtCO₂e,0.15,0.14,0.14,0.13,0.13,0.13,0.12,0.13,0.13,0.12,0.09,0.04,0.04,0.04,0.04,0.03,0.03,0.03,0.03,0.03,0.03,0.03,0.03,0.03,0.03,0.02,0.02,0.02,0.0,0.0,0.0,0.0
GMB,Gambia,Climate Watch,Industrial Processes,All GHG,MtCO₂e,0.14,0.14,0.13,0.12,0.11,0.1,0.09,0.08,0.07,0.06,0.05,0.04,0.04,0.04,0.03,0.03,0.02,0.22,0.41,0.61,0.8,1.0,0.8,0.6,0.4,0.2,0.0,0.0,0.0,0.0,0.0,0.0
SUR,Suriname,Climate Watch,Industrial Processes,All GHG,MtCO₂e,0.14,0.14,0.13,0.11,0.1,0.09,0.1,0.1,0.11,0.1,0.08,0.06,0.06,0.06,0.06,0.06,0.05,0.05,0.05,0.05,0.05,0.05,0.06,0.08,0.1,0.12,0.13,0.15,0.16,0.17,0.18,0.19
GMB,Gambia,Climate Watch,Manufacturing/Construction,All GHG,MtCO₂e,0.13,0.13,0.14,0.14,0.15,0.15,0.14,0.13,0.08,0.1,0.08,0.08,0.01,0.01,0.01,0.01,0.0,0.0,0.0,0.0,0.0,0.0,0.0,0.0,0.0,0.0,0.0,0.0,0.0,0.0,0.0,0.0
FJI,Fiji,Climate Watch,Industrial Processes,All GHG,MtCO₂e,0.12,0.1,0.09,0.09,0.08,0.07,0.06,0.06,0.06,0.06,0.05,0.05,0.05,0.04,0.04,0.03,0.03,0.02,0.02,0.02,0.01,0.05,0.05,0.04,0.04,0.04,0.04,0.04,0.04,0.04,0.04,0.03
COG,Republic of Congo,Climate Watch,Manufacturing/Construction,All GHG,MtCO₂e,0.11,0.11,0.11,0.11,0.12,0.09,0.12,0.07,0.1,0.12,0.04,0.03,0.06,0.07,0.03,0.03,0.02,0.02,0.04,0.01,0.01,0.0,0.0,0.0,0.02,0.03,0.03,0.03,0.04,0.05,0.06,0.04
SSD,South Sudan,Climate Watch,Industrial Processes,All GHG,MtCO₂e,0.11,0.1,0.1,0.09,0.09,0.08,0.08,0.08,0.07,0.07,0.07,0.07,0.06,0.05,0.05,0.04,0.03,0.03,0.02,0.02,0.02,0.01,0.01,0.01,0.01,0.01,0.01,0.01,0.01,0.0,0.0,0.0
SWZ,Eswatini,Climate Watch,Industrial Processes,All GHG,MtCO₂e,0.11,0.1,0.1,0.09,0.08,0.08,0.07,0.06,0.06,0.05,0.04,0.04,0.04,0.03,0.03,0.03,0.02,0.02,0.02,0.02,0.02,0.02,0.01,0.01,0.01,0.01,0.01,0.01,0.01,0.01,0.01,0.0
BHS,Bahamas,Climate Watch,Industrial Processes,All GHG,MtCO₂e,0.1,0.09,0.08,0.08,0.08,0.07,0.07,0.07,0.07,0.06,0.06,0.06,0.06,0.05,0.05,0.04,0.04,0.03,0.03,0.02,0.02,0.02,0.01,0.01,0.01,0.01,0.01,0.01,0.01,0.01,0.01,0.01
SUR,Suriname,Climate Watch,Manufacturing/Construction,All GHG,MtCO₂e,0.1,0.1,0.1,0.08,0.09,0.11,0.07,0.07,0.06,0.08,0.06,0.07,0.06,0.07,0.07,0.07,0.07,0.06,0.06,0.06,0.69,0.68,N/A,N/A,N/A,N/A,N/A,N/A,N/A,N/A,N/A,N/A
AND,Andorra,Climate Watch,Industrial Processes,All GHG,MtCO₂e,0.08,0.07,0.07,0.07,0.07,0.06,0.06,0.06,0.06,0.06,0.06,0.06,0.05,0.05,0.05,0.05,0.04,0.04,0.04,0.04,0.03,0.03,0.02,0.02,0.01,0.01,0.0,0.0,0.0,0.0,0.0,0.0
SOM,Somalia,Climate Watch,Manufacturing/Construction,All GHG,MtCO₂e,0.08,0.08,0.08,0.08,0.08,0.08,0.08,0.08,0.08,0.08,0.08,0.08,0.08,0.07,0.09,0.06,0.06,0.06,0.06,0.06,0.06,0.06,0.06,0.05,0.06,0.06,0.05,0.06,0.06,0.06,0.06,0.06
SYC,Seychelles,Climate Watch,Industrial Processes,All GHG,MtCO₂e,0.08,0.07,0.07,0.06,0.06,0.05,0.05,0.04,0.04,0.03,0.03,0.02,0.02,0.02,0.02,0.02,0.01,0.01,0.01,0.01,0.01,0.01,0.01,0.01,0.01,0.0,0.0,0.0,0.0,0.0,0.0,0.0
BLZ,Belize,Climate Watch,Manufacturing/Construction,All GHG,MtCO₂e,0.07,0.06,0.05,0.05,0.05,0.06,0.06,0.05,0.05,0.06,0.05,0.12,0.11,0.09,0.12,0.13,0.08,0.06,0.1,0.15,0.14,0.08,0.03,0.02,0.04,0.03,0.04,0.03,0.03,0.03,0.05,0.04
ISL,Iceland,Climate Watch,Manufacturing/Construction,All GHG,MtCO₂e,0.07,0.06,0.08,0.1,0.13,0.14,0.5,0.5,0.53,0.49,0.47,0.5,0.51,0.62,0.71,0.73,0.8,0.84,0.78,0.83,0.79,0.77,0.58,0.63,0.64,0.64,0.52,0.56,0.48,0.47,0.49,0.55
MDV,Maldives,Climate Watch,Manufacturing/Construction,All GHG,MtCO₂e,0.06,0.06,0.08,0.06,0.04,0.04,0.03,0.03,0.02,0.02,0.02,0.02,0.02,0.02,0.02,0.02,0.01,0.01,0.01,0.01,0.01,0.01,0.01,0.01,0.01,0.01,0.01,0.01,0.01,0.01,0.0,0.0
MKD,Macedonia,Climate Watch,Industrial Processes,All GHG,MtCO₂e,0.06,0.06,0.06,0.06,0.06,0.06,0.07,0.07,0.07,0.07,0.07,0.07,0.07,0.06,0.06,0.06,0.05,0.06,0.07,0.08,0.08,0.09,0.1,0.11,0.12,0.13,0.14,0.45,0.78,1.11,1.44,1.76
CAF,Central African Republic,Climate Watch,Industrial Processes,All GHG,MtCO₂e,0.05,0.04,0.04,0.04,0.03,0.03,0.03,0.03,0.03,0.03,0.03,0.02,0.02,0.02,0.02,0.01,0.01,0.01,0.01,0.01,0.01,0.0,0.0,0.0,0.0,0.0,0.0,0.0,0.0,0.0,0.0,0.0
LCA,Saint Lucia,Climate Watch,Industrial Processes,All GHG,MtCO₂e,0.05,0.05,0.05,0.04,0.04,0.04,0.04,0.03,0.03,0.03,0.02,0.02,0.02,0.02,0.01,0.01,0.01,0.01,0.01,0.01,0.01,0.01,0.01,0.0,0.0,0.0,0.0,0.0,0.0,0.0,0.0,0.0
MLT,Malta,Climate Watch,Manufacturing/Construction,All GHG,MtCO₂e,0.05,0.05,0.05,0.04,0.05,0.06,0.06,0.06,0.05,0.03,0.02,0.03,0.02,0.04,0.04,0.03,0.03,0.0,0.0,0.0,0.0,0.0,0.01,0.01,0.0,0.0,0.0,0.0,0.0,0.0,0.0,0.0
MRT,Mauritania,Climate Watch,Industrial Processes,All GHG,MtCO₂e,0.05,0.04,0.04,0.03,0.03,0.03,0.02,0.02,0.02,0.02,0.02,0.02,0.02,0.02,0.01,0.01,0.01,0.01,0.01,0.01,0.0,0.0,0.0,0.0,0.0,0.0,0.0,0.0,0.0,0.0,0.0,0.0
COD,Democratic Republic of the Congo,Climate Watch,Manufacturing/Construction,All GHG,MtCO₂e,0.03,0.03,0.05,0.07,0.08,0.33,0.3,0.37,0.36,0.35,0.46,0.44,0.43,0.43,0.42,0.41,0.39,0.37,0.34,0.31,0.29,0.26,0.22,0.21,0.2,0.2,0.19,0.19,0.18,0.18,0.17,1.03
SLE,Sierra Leone,Climate Watch,Manufacturing/Construction,All GHG,MtCO₂e,0.03,0.03,0.06,0.1,0.1,0.1,0.12,0.12,0.09,0.06,0.05,0.07,0.04,0.01,0.02,0.04,0.02,0.08,0.07,0.08,0.04,0.01,0.01,0.01,0.01,0.01,0.01,0.03,0.03,0.04,0.07,0.07
SSD,South Sudan,Climate Watch,Manufacturing/Construction,All GHG,MtCO₂e,0.03,0.03,0.03,0.03,0.05,0.03,0.03,0.01,0.01,0.02,N/A,N/A,N/A,N/A,N/A,N/A,N/A,N/A,N/A,N/A,N/A,N/A,N/A,N/A,N/A,N/A,N/A,N/A,N/A,N/A,N/A,N/A
BDI,Burundi,Climate Watch,Manufacturing/Construction,All GHG,MtCO₂e,0.02,0.01,0.03,0.0,0.01,0.03,0.0,0.0,0.01,0.01,0.01,0.01,0.0,0.01,0.0,0.01,0.0,0.02,0.02,0.02,0.04,0.05,0.04,0.04,0.04,0.04,0.04,0.04,0.04,0.04,0.04,0.03
CPV,Cape Verde,Climate Watch,Industrial Processes,All GHG,MtCO₂e,0.02,0.02,0.02,0.02,0.01,0.01,0.01,0.01,0.01,0.01,0.01,0.01,0.01,0.01,0.01,0.0,0.0,0.0,0.0,0.0,0.0,0.0,0.0,0.0,0.0,0.0,0.0,0.0,0.0,0.0,0.0,0.0
DJI,Djibouti,Climate Watch,Manufacturing/Construction,All GHG,MtCO₂e,0.02,0.02,0.02,0.02,0.02,0.02,0.03,0.03,0.03,0.04,0.04,0.04,0.04,0.04,0.04,0.04,0.04,0.04,0.04,0.04,0.04,0.04,0.04,0.04,0.04,0.04,0.04,0.04,0.04,0.04,0.04,0.04
ERI,Eritrea,Climate Watch,Manufacturing/Construction,All GHG,MtCO₂e,0.02,0.02,0.02,0.02,0.02,0.02,0.02,0.02,0.02,0.02,0.02,0.02,0.03,0.02,0.02,0.03,0.03,0.04,0.04,0.04,0.04,0.04,0.04,0.04,0.05,0.05,0.06,0.05,0.04,0.02,N/A,N/A
GRD,Grenada,Climate Watch,Industrial Processes,All GHG,MtCO₂e,0.02,0.02,0.02,0.02,0.01,0.01,0.01,0.01,0.01,0.01,0.01,0.01,0.01,0.01,0.01,0.0,0.0,0.0,0.0,0.0,0.0,0.0,0.0,0.0,0.0,0.0,0.0,0.0,0.0,0.0,0.0,0.0
KNA,Saint Kitts and Nevis,Climate Watch,Industrial Processes,All GHG,MtCO₂e,0.02,0.01,0.01,0.01,0.01,0.01,0.01,0.01,0.01,0.01,0.01,0.01,0.01,0.01,0.01,0.01,0.0,0.0,0.0,0.0,0.0,0.0,0.0,0.0,0.0,0.0,0.0,0.0,0.0,0.0,0.0,0.0
MHL,Marshall Islands,Climate Watch,Industrial Processes,All GHG,MtCO₂e,0.02,0.02,0.02,0.02,0.01,0.01,0.01,0.01,0.01,0.01,0.0,0.0,0.0,0.0,0.0,0.0,0.0,0.0,0.0,0.0,0.0,0.0,0.0,0.0,0.0,0.0,0.0,0.0,0.0,0.0,0.0,0.0
PLW,Palau,Climate Watch,Industrial Processes,All GHG,MtCO₂e,0.02,0.02,0.02,0.01,0.01,0.01,0.01,0.01,0.01,0.0,0.0,0.0,0.0,0.0,0.0,0.0,0.0,0.0,0.0,0.0,0.0,0.0,0.0,0.0,0.0,0.0,0.0,0.0,0.0,0.0,0.0,0.0
SLB,Solomon Islands,Climate Watch,Manufacturing/Construction,All GHG,MtCO₂e,0.02,0.02,0.02,0.02,0.02,0.02,0.02,0.02,0.02,0.02,0.02,0.02,0.02,0.02,0.02,0.02,0.02,0.02,0.02,0.02,0.02,0.02,0.02,0.02,0.02,0.02,0.02,0.02,0.02,0.02,0.02,0.02
TLS,Timor-Leste,Climate Watch,Industrial Processes,All GHG,MtCO₂e,0.02,0.02,0.02,0.02,0.01,0.01,0.01,0.01,0.01,0.01,0.0,0.0,0.0,0.0,0.0,0.0,0.0,0.0,0.0,0.0,0.0,0.0,0.0,0.0,0.0,0.0,0.0,0.0,0.0,0.0,0.0,0.0
WSM,Samoa,Climate Watch,Industrial Processes,All GHG,MtCO₂e,0.02,0.01,0.01,0.01,0.01,0.01,0.01,0.01,0.01,0.0,0.0,0.0,0.0,0.0,0.0,0.0,0.0,0.0,0.0,0.0,0.0,0.0,0.0,0.0,0.0,0.0,0.0,0.0,0.0,0.0,0.0,0.0
WSM,Samoa,Climate Watch,Manufacturing/Construction,All GHG,MtCO₂e,0.02,0.02,0.02,0.02,0.02,0.02,0.02,0.02,0.02,0.02,0.02,0.02,0.01,0.02,0.02,0.02,0.02,0.02,0.02,0.02,0.02,0.02,0.02,0.02,0.02,0.02,0.02,0.02,0.02,0.02,0.02,0.02
CAF,Central African Republic,Climate Watch,Manufacturing/Construction,All GHG,MtCO₂e,0.01,0.01,0.01,0.01,0.01,0.0,0.01,0.01,0.01,0.01,0.01,0.01,0.01,0.01,0.01,0.01,0.01,0.01,0.01,0.01,0.01,0.01,0.01,0.01,0.01,0.01,0.01,0.01,0.01,0.01,0.01,0.01
COM,Comoros,Climate Watch,Industrial Processes,All GHG,MtCO₂e,0.01,0.01,0.01,0.01,0.01,0.01,0.01,0.0,0.0,0.0,0.0,0.0,0.0,0.0,0.0,0.0,0.0,0.0,0.0,0.0,0.0,0.0,0.0,0.0,0.0,0.0,0.0,0.0,0.0,0.0,0.0,0.0
DMA,Dominica,Climate Watch,Manufacturing/Construction,All GHG,MtCO₂e,0.01,0.01,0.01,0.02,0.01,0.01,0.01,0.01,0.01,0.01,0.01,0.01,0.01,0.01,0.01,0.01,0.01,0.01,0.0,0.0,0.0,0.0,0.0,0.01,0.01,0.01,0.01,0.0,0.0,0.0,0.0,0.0
FSM,Micronesia,Climate Watch,Industrial Processes,All GHG,MtCO₂e,0.01,0.01,0.01,0.0,0.0,0.0,0.0,0.0,0.0,0.0,0.0,0.0,0.0,0.0,0.0,0.0,0.0,0.0,0.0,0.0,0.0,0.0,0.0,0.0,0.0,0.0,0.0,0.0,0.0,0.0,0.0,0.0
GRD,Grenada,Climate Watch,Manufacturing/Construction,All GHG,MtCO₂e,0.01,0.01,0.01,0.01,0.0,0.0,0.0,0.0,0.0,0.01,0.01,0.01,0.01,0.01,0.01,0.0,0.0,0.0,0.0,0.0,0.0,0.0,0.0,0.0,0.0,0.01,0.01,0.02,0.02,0.02,0.02,0.02
KNA,Saint Kitts and Nevis,Climate Watch,Manufacturing/Construction,All GHG,MtCO₂e,0.01,0.0,0.0,0.0,0.0,0.0,0.0,0.0,0.0,0.0,0.0,0.0,0.0,0.0,0.0,0.0,0.0,0.0,0.0,0.0,0.0,0.0,0.0,0.0,0.0,0.0,0.0,0.0,0.0,0.0,0.0,0.0
LBR,Liberia,Climate Watch,Manufacturing/Construction,All GHG,MtCO₂e,0.01,0.01,0.02,0.02,0.01,0.02,0.02,0.02,0.05,0.09,0.06,0.04,0.01,0.02,0.03,0.04,0.06,0.0,0.0,0.0,0.0,0.0,0.0,0.0,0.0,0.0,0.0,0.0,0.0,0.0,0.0,0.0
LCA,Saint Lucia,Climate Watch,Manufacturing/Construction,All GHG,MtCO₂e,0.01,0.01,0.01,0.01,0.01,0.01,0.01,0.01,0.01,0.01,0.01,0.01,0.0,0.0,0.0,0.0,0.0,0.0,0.0,0.0,0.0,0.0,0.0,0.0,0.0,0.0,0.0,0.0,0.0,0.0,0.0,0.0
LIE,Liechtenstein,Climate Watch,Industrial Processes,All GHG,MtCO₂e,0.01,0.01,0.01,0.01,0.01,0.01,0.01,0.01,0.01,0.01,0.01,0.01,0.01,0.01,0.01,0.01,0.01,0.01,0.01,0.01,0.01,0.0,0.0,0.0,0.0,0.0,0.0,0.0,0.0,0.0,0.0,0.0
STP,Sao Tome and Principe,Climate Watch,Industrial Processes,All GHG,MtCO₂e,0.01,0.01,0.01,0.01,0.01,0.01,0.01,0.01,0.01,0.0,0.0,0.0,0.0,0.0,0.0,0.0,0.0,0.0,0.0,0.0,0.0,0.0,0.0,0.0,0.0,0.0,0.0,0.0,0.0,0.0,0.0,0.0
TON,Tonga,Climate Watch,Industrial Processes,All GHG,MtCO₂e,0.01,0.01,0.0,0.0,0.0,0.0,0.0,0.0,0.0,0.0,0.0,0.0,0.0,0.0,0.0,0.0,0.0,0.0,0.0,0.0,0.0,0.0,0.0,0.0,0.0,0.0,0.0,0.0,0.0,0.0,0.0,0.0
VCT,Saint Vincent and the Grenadines,Climate Watch,Industrial Processes,All GHG,MtCO₂e,0.01,0.0,0.0,0.0,0.0,0.0,0.0,0.0,0.0,0.0,0.0,0.0,0.0,0.0,0.0,0.0,0.0,0.0,0.0,0.0,0.0,0.0,0.0,0.0,0.0,0.0,0.0,0.0,0.0,0.0,0.0,0.0
VUT,Vanuatu,Climate Watch,Industrial Processes,All GHG,MtCO₂e,0.01,0.01,0.01,0.01,0.0,0.0,0.0,0.0,0.0,0.0,0.0,0.0,0.0,0.0,0.0,0.0,0.0,0.0,0.0,0.0,0.0,0.0,0.0,0.0,0.0,0.0,0.0,0.0,0.0,0.0,0.0,0.0
ATG,Antigua and Barbuda,Climate Watch,Manufacturing/Construction,All GHG,MtCO₂e,0.0,0.0,0.0,0.0,0.0,0.0,0.0,0.0,0.0,0.0,0.0,0.0,0.0,0.0,0.0,0.0,0.0,0.0,0.0,0.0,0.0,0.0,0.0,0.0,0.0,0.0,0.0,0.0,0.0,0.0,0.0,0.0
COK,Cook Islands,Climate Watch,Industrial Processes,All GHG,MtCO₂e,0.0,0.0,0.0,0.0,0.0,0.0,0.0,0.0,0.0,0.0,0.0,0.0,0.0,0.0,0.0,0.0,0.0,0.0,0.0,0.0,0.0,0.0,0.0,0.0,0.0,0.0,0.0,0.0,0.0,0.0,0.0,0.0
COK,Cook Islands,Climate Watch,Manufacturing/Construction,All GHG,MtCO₂e,0.0,0.0,0.0,0.0,0.0,0.0,0.0,0.0,0.0,0.0,0.0,0.0,0.0,0.0,0.0,0.0,0.0,0.0,0.0,0.0,0.0,0.0,0.0,0.0,0.0,0.0,0.0,0.0,0.0,0.0,0.0,0.0
COM,Comoros,Climate Watch,Manufacturing/Construction,All GHG,MtCO₂e,0.0,0.0,0.0,0.0,0.0,0.0,0.0,0.0,0.0,0.0,0.0,0.0,0.0,0.0,0.0,0.0,0.0,0.0,0.0,0.0,0.0,0.0,0.0,0.0,0.0,0.0,0.0,0.0,0.0,0.0,0.0,0.0
CPV,Cape Verde,Climate Watch,Manufacturing/Construction,All GHG,MtCO₂e,0.0,0.0,0.0,0.0,0.0,0.0,0.0,0.0,0.0,0.0,0.0,0.0,0.0,0.0,0.0,0.0,0.0,0.03,0.04,0.03,0.03,0.03,0.03,0.02,0.02,0.02,0.01,0.0,0.0,0.0,0.0,0.0
DMA,Dominica,Climate Watch,Industrial Processes,All GHG,MtCO₂e,0.0,0.0,0.0,0.0,0.0,0.0,0.0,0.0,0.0,0.0,0.0,0.0,0.0,0.0,0.0,0.0,0.0,0.0,0.0,0.0,0.0,0.0,0.0,0.0,0.0,0.0,0.0,0.0,0.0,0.0,0.0,0.0
FSM,Micronesia,Climate Watch,Manufacturing/Construction,All GHG,MtCO₂e,0.0,0.0,0.0,0.0,0.0,0.0,0.0,0.0,0.0,0.0,0.0,0.0,0.0,0.0,0.0,0.0,0.0,0.0,0.0,0.0,0.0,0.0,0.0,0.0,0.0,0.0,0.0,0.0,0.0,0.0,0.0,0.0
GNB,Guinea-Bissau,Climate Watch,Manufacturing/Construction,All GHG,MtCO₂e,0.0,0.0,0.0,0.0,0.0,0.0,0.0,0.0,0.0,0.0,0.0,0.0,0.0,0.0,0.0,0.0,0.0,0.0,0.0,0.0,0.0,0.0,0.0,0.0,0.0,0.0,0.0,0.0,0.0,0.0,0.0,0.0
KIR,Kiribati,Climate Watch,Industrial Processes,All GHG,MtCO₂e,0.0,0.0,0.0,0.0,0.0,0.0,0.0,0.0,0.0,0.0,0.0,0.0,0.0,0.0,0.0,0.0,0.0,0.0,0.0,0.0,0.0,0.0,0.0,0.0,0.0,0.0,0.0,0.0,0.0,0.0,0.0,0.0
KIR,Kiribati,Climate Watch,Manufacturing/Construction,All GHG,MtCO₂e,0.0,0.0,0.0,0.0,0.0,0.0,0.0,0.0,0.0,0.0,0.0,0.0,0.0,0.0,0.0,0.0,0.0,0.0,0.0,0.0,0.0,0.0,0.0,0.0,0.0,0.0,0.0,0.0,0.0,0.0,0.0,0.0
MHL,Marshall Islands,Climate Watch,Manufacturing/Construction,All GHG,MtCO₂e,0.0,0.0,0.0,0.0,0.0,0.0,0.0,0.0,0.0,0.0,0.0,0.0,0.0,0.0,0.0,0.0,0.0,0.0,0.0,0.0,0.0,0.0,0.0,0.0,0.0,0.0,0.0,0.0,0.0,0.0,0.0,0.0
MRT,Mauritania,Climate Watch,Manufacturing/Construction,All GHG,MtCO₂e,0.0,0.0,0.0,0.0,0.0,0.0,0.0,0.0,0.0,0.0,0.0,0.0,0.0,0.0,0.0,0.0,0.0,0.0,0.0,0.0,0.0,0.0,0.0,0.0,0.0,0.0,0.0,0.0,0.0,0.0,0.0,0.0
NIU,Niue,Climate Watch,Industrial Processes,All GHG,MtCO₂e,0.0,0.0,0.0,0.0,0.0,0.0,0.0,0.0,0.0,0.0,0.0,0.0,0.0,0.0,0.0,0.0,0.0,0.0,0.0,0.0,0.0,0.0,0.0,0.0,0.0,0.0,0.0,0.0,0.0,0.0,0.0,0.0
NIU,Niue,Climate Watch,Manufacturing/Construction,All GHG,MtCO₂e,0.0,0.0,0.0,0.0,0.0,0.0,0.0,0.0,0.0,0.0,0.0,0.0,0.0,0.0,0.0,0.0,0.0,0.0,0.0,0.0,0.0,0.0,0.0,0.0,0.0,0.0,0.0,0.0,0.0,0.0,0.0,0.0
NRU,Nauru,Climate Watch,Industrial Processes,All GHG,MtCO₂e,0.0,0.0,0.0,0.0,0.0,0.0,0.0,0.0,0.0,0.0,0.0,0.0,0.0,0.0,0.0,0.0,0.0,0.0,0.0,0.0,0.0,0.0,0.0,0.0,0.0,0.0,0.0,0.0,0.0,0.0,0.0,0.0
NRU,Nauru,Climate Watch,Manufacturing/Construction,All GHG,MtCO₂e,0.0,0.0,0.0,0.0,0.0,0.0,0.0,0.0,0.0,0.0,0.0,0.0,0.0,0.0,0.0,0.0,0.0,0.0,0.0,0.0,0.03,0.03,0.04,0.04,0.04,0.04,0.04,0.04,0.05,0.05,0.06,0.06
PLW,Palau,Climate Watch,Manufacturing/Construction,All GHG,MtCO₂e,0.0,0.0,0.0,0.0,0.0,0.0,0.0,0.0,0.0,0.0,0.0,0.0,0.0,0.0,0.0,0.0,0.0,0.0,0.0,0.0,0.0,0.0,0.0,0.0,0.0,0.0,0.0,0.0,0.0,0.0,0.0,0.0
STP,Sao Tome and Principe,Climate Watch,Manufacturing/Construction,All GHG,MtCO₂e,0.0,0.0,0.0,0.0,0.01,0.01,0.0,0.01,0.0,0.01,0.01,0.01,0.01,0.01,0.01,0.01,0.01,0.01,0.01,0.01,0.01,0.01,0.01,0.01,0.0,0.01,0.01,0.01,0.01,0.01,0.01,0.01
SYC,Seychelles,Climate Watch,Manufacturing/Construction,All GHG,MtCO₂e,0.0,0.0,0.0,0.0,0.0,0.0,0.0,0.01,0.01,0.01,0.01,0.01,0.01,0.0,0.0,0.0,0.0,0.0,0.0,0.0,0.0,0.0,0.0,0.0,0.0,0.0,0.0,0.0,0.0,0.0,0.0,0.0
TLS,Timor-Leste,Climate Watch,Manufacturing/Construction,All GHG,MtCO₂e,0.0,0.0,0.0,0.0,0.0,0.0,0.0,0.0,0.0,0.0,0.0,0.0,0.0,0.0,0.0,0.0,0.0,0.0,0.0,0.0,0.0,0.0,0.0,0.0,0.0,0.0,0.0,0.0,0.0,0.0,0.0,0.0
TON,Tonga,Climate Watch,Manufacturing/Construction,All GHG,MtCO₂e,0.0,0.0,0.0,0.0,0.0,0.0,0.0,0.0,0.0,0.0,0.0,0.0,0.0,0.0,0.0,0.0,0.0,0.0,0.0,0.0,0.0,0.0,0.0,0.0,0.0,0.0,0.0,0.0,0.0,0.0,0.0,0.0
TUV,Tuvalu,Climate Watch,Industrial Processes,All GHG,MtCO₂e,0.0,0.0,0.0,0.0,0.0,0.0,0.0,0.0,0.0,0.0,0.0,0.0,0.0,0.0,0.0,0.0,0.0,0.0,0.0,0.0,0.0,0.0,0.0,0.0,0.0,0.0,0.0,0.0,0.0,0.0,0.0,0.0
TUV,Tuvalu,Climate Watch,Manufacturing/Construction,All GHG,MtCO₂e,0.0,0.0,0.0,0.0,0.0,0.0,0.0,0.0,0.0,0.0,0.0,0.0,0.0,0.0,0.0,0.0,0.0,0.0,0.0,0.0,0.0,0.0,0.0,0.0,0.0,0.0,0.0,0.0,0.0,0.0,0.0,0.0
VCT,Saint Vincent and the Grenadines,Climate Watch,Manufacturing/Construction,All GHG,MtCO₂e,0.0,0.0,0.0,0.0,0.0,0.0,0.0,0.0,0.0,0.0,0.0,0.0,0.0,0.0,0.0,0.0,0.0,0.0,0.0,0.0,0.0,0.0,0.0,0.0,0.0,0.0,0.0,0.0,0.0,0.0,0.0,0.0
VUT,Vanuatu,Climate Watch,Manufacturing/Construction,All GHG,MtCO₂e,0.0,0.0,0.0,0.0,0.0,0.0,0.0,0.0,0.0,0.0,0.0,0.0,0.0,0.0,0.0,0.0,0.0,0.0,0.0,0.0,0.0,0.0,0.0,0.0,0.0,0.0,0.0,0.0,0.0,0.0,0.0,0.0
